label,id
0,1
1,2
0,3
0,4
0,5
0,6
1,7
0,8
0,9
1,10
0,11
1,12
0,13
0,14
0,15
0,16
0,17
1,18
0,19
0,20
0,21
0,22
1,23
1,24
0,25
1,26
0,27
1,28
1,29
1,30
1,31
0,32
1,33
1,34
1,35
1,36
1,37
0,38
0,39
0,40
0,41
0,42
1,43
0,44
1,45
1,46
1,47
0,48
0,49
1,50
1,51
0,52
0,53
0,54
1,55
0,56
0,57
1,58
1,59
1,60
0,61
0,62
1,63
1,64
1,65
1,66
0,67
1,68
0,69
1,70
1,71
1,72
1,73
0,74
1,75
1,76
0,77
0,78
0,79
1,80
0,81
0,82
0,83
1,84
1,85
0,86
1,87
1,88
1,89
1,90
0,91
1,92
1,93
0,94
1,95
1,96
0,97
0,98
1,99
1,100
0,101
1,102
1,103
0,104
0,105
0,106
1,107
1,108
1,109
0,110
0,111
1,112
1,113
1,114
1,115
0,116
1,117
0,118
1,119
0,120
0,121
1,122
1,123
0,124
1,125
0,126
1,127
0,128
0,129
1,130
0,131
0,132
0,133
0,134
1,135
0,136
0,137
0,138
1,139
0,140
0,141
0,142
0,143
0,144
0,145
1,146
0,147
0,148
1,149
1,150
0,151
0,152
0,153
1,154
1,155
1,156
1,157
0,158
0,159
1,160
1,161
0,162
1,163
0,164
0,165
0,166
1,167
1,168
1,169
1,170
1,171
0,172
0,173
1,174
1,175
1,176
0,177
1,178
0,179
0,180
1,181
1,182
0,183
1,184
0,185
1,186
0,187
0,188
0,189
1,190
1,191
0,192
1,193
1,194
1,195
0,196
0,197
0,198
0,199
0,200
0,201
0,202
0,203
1,204
0,205
1,206
0,207
0,208
0,209
0,210
1,211
1,212
0,213
0,214
0,215
1,216
0,217
1,218
1,219
1,220
1,221
1,222
1,223
0,224
0,225
1,226
1,227
1,228
0,229
1,230
1,231
1,232
0,233
1,234
1,235
0,236
0,237
0,238
1,239
1,240
0,241
1,242
1,243
0,244
0,245
0,246
0,247
1,248
1,249
1,250
0,251
1,252
0,253
1,254
1,255
0,256
0,257
0,258
0,259
1,260
1,261
0,262
1,263
1,264
1,265
1,266
1,267
1,268
0,269
1,270
0,271
0,272
0,273
1,274
1,275
0,276
0,277
1,278
0,279
1,280
1,281
1,282
1,283
1,284
0,285
1,286
1,287
1,288
0,289
1,290
1,291
1,292
0,293
0,294
1,295
0,296
0,297
0,298
1,299
1,300
0,301
0,302
0,303
1,304
1,305
1,306
0,307
0,308
0,309
0,310
1,311
1,312
1,313
0,314
1,315
0,316
1,317
1,318
0,319
1,320
1,321
1,322
0,323
1,324
1,325
0,326
1,327
0,328
1,329
0,330
0,331
1,332
0,333
0,334
1,335
0,336
0,337
0,338
1,339
0,340
1,341
0,342
0,343
1,344
1,345
1,346
0,347
0,348
0,349
1,350
1,351
1,352
0,353
0,354
0,355
0,356
0,357
0,358
1,359
0,360
1,361
1,362
0,363
1,364
0,365
1,366
0,367
1,368
1,369
0,370
0,371
1,372
1,373
0,374
0,375
0,376
1,377
1,378
0,379
1,380
0,381
0,382
1,383
0,384
1,385
1,386
0,387
1,388
0,389
0,390
1,391
0,392
0,393
1,394
0,395
0,396
0,397
1,398
1,399
0,400
1,401
1,402
0,403
0,404
0,405
1,406
0,407
0,408
1,409
1,410
1,411
1,412
0,413
0,414
0,415
1,416
0,417
1,418
1,419
1,420
0,421
1,422
1,423
1,424
1,425
0,426
1,427
0,428
1,429
1,430
0,431
0,432
1,433
1,434
0,435
1,436
0,437
0,438
0,439
1,440
0,441
0,442
1,443
1,444
1,445
1,446
1,447
0,448
0,449
1,450
0,451
1,452
1,453
0,454
0,455
0,456
1,457
0,458
1,459
0,460
0,461
1,462
0,463
0,464
0,465
0,466
0,467
1,468
0,469
1,470
0,471
0,472
1,473
0,474
1,475
1,476
0,477
1,478
1,479
1,480
0,481
1,482
0,483
1,484
1,485
0,486
0,487
1,488
1,489
1,490
0,491
1,492
1,493
0,494
1,495
0,496
1,497
1,498
0,499
1,500
1,501
1,502
0,503
0,504
1,505
1,506
0,507
1,508
0,509
1,510
1,511
0,512
1,513
0,514
1,515
0,516
1,517
0,518
1,519
0,520
0,521
1,522
0,523
1,524
0,525
1,526
1,527
0,528
0,529
1,530
1,531
0,532
0,533
0,534
0,535
1,536
0,537
1,538
0,539
0,540
0,541
0,542
0,543
0,544
0,545
0,546
0,547
0,548
0,549
1,550
0,551
1,552
1,553
0,554
0,555
0,556
0,557
0,558
0,559
1,560
1,561
1,562
0,563
1,564
1,565
1,566
0,567
0,568
0,569
0,570
0,571
0,572
0,573
0,574
1,575
1,576
0,577
1,578
0,579
0,580
0,581
1,582
1,583
1,584
0,585
1,586
0,587
0,588
0,589
1,590
0,591
0,592
1,593
0,594
0,595
1,596
0,597
0,598
1,599
0,600
0,601
0,602
1,603
0,604
1,605
0,606
0,607
1,608
0,609
0,610
0,611
0,612
0,613
1,614
1,615
0,616
0,617
0,618
1,619
1,620
1,621
0,622
0,623
0,624
0,625
1,626
1,627
0,628
1,629
0,630
1,631
0,632
1,633
0,634
0,635
0,636
1,637
1,638
0,639
0,640
1,641
1,642
0,643
0,644
1,645
1,646
1,647
1,648
1,649
0,650
1,651
0,652
1,653
1,654
1,655
1,656
0,657
0,658
0,659
0,660
1,661
1,662
1,663
1,664
0,665
0,666
1,667
1,668
1,669
0,670
0,671
0,672
1,673
0,674
1,675
0,676
1,677
0,678
1,679
1,680
1,681
0,682
1,683
0,684
0,685
0,686
1,687
1,688
1,689
0,690
0,691
0,692
1,693
0,694
0,695
0,696
0,697
0,698
1,699
1,700
0,701
0,702
1,703
1,704
0,705
0,706
1,707
0,708
1,709
1,710
0,711
0,712
0,713
0,714
0,715
1,716
0,717
0,718
0,719
1,720
1,721
0,722
1,723
0,724
0,725
1,726
1,727
1,728
1,729
1,730
1,731
1,732
0,733
1,734
0,735
0,736
1,737
1,738
1,739
1,740
0,741
1,742
0,743
0,744
1,745
0,746
1,747
0,748
1,749
0,750
0,751
0,752
0,753
0,754
0,755
0,756
1,757
0,758
0,759
0,760
1,761
0,762
0,763
0,764
0,765
1,766
0,767
0,768
0,769
1,770
0,771
1,772
1,773
0,774
1,775
0,776
0,777
0,778
1,779
1,780
1,781
1,782
0,783
1,784
1,785
1,786
0,787
0,788
0,789
0,790
1,791
1,792
1,793
0,794
0,795
0,796
1,797
1,798
1,799
0,800
1,801
1,802
0,803
0,804
1,805
0,806
1,807
1,808
1,809
0,810
1,811
0,812
0,813
0,814
1,815
1,816
1,817
1,818
1,819
0,820
0,821
1,822
0,823
1,824
0,825
1,826
1,827
0,828
0,829
0,830
0,831
1,832
0,833
1,834
0,835
1,836
1,837
0,838
0,839
0,840
1,841
1,842
0,843
1,844
1,845
1,846
1,847
1,848
0,849
0,850
1,851
1,852
0,853
0,854
1,855
1,856
0,857
0,858
0,859
0,860
0,861
1,862
0,863
1,864
0,865
0,866
0,867
0,868
1,869
0,870
1,871
1,872
1,873
0,874
0,875
1,876
0,877
0,878
1,879
1,880
1,881
0,882
0,883
0,884
1,885
0,886
1,887
1,888
1,889
1,890
1,891
0,892
0,893
0,894
1,895
1,896
0,897
1,898
0,899
0,900
1,901
0,902
0,903
1,904
0,905
0,906
0,907
0,908
0,909
0,910
1,911
0,912
0,913
0,914
1,915
1,916
0,917
1,918
1,919
0,920
1,921
0,922
0,923
1,924
0,925
0,926
1,927
1,928
0,929
0,930
0,931
0,932
0,933
1,934
1,935
0,936
1,937
0,938
0,939
1,940
0,941
1,942
1,943
1,944
1,945
1,946
1,947
0,948
0,949
0,950
0,951
0,952
0,953
0,954
1,955
1,956
0,957
0,958
1,959
1,960
1,961
1,962
0,963
1,964
0,965
0,966
1,967
1,968
1,969
1,970
1,971
0,972
1,973
0,974
0,975
0,976
1,977
1,978
1,979
0,980
1,981
1,982
1,983
0,984
0,985
0,986
1,987
0,988
0,989
1,990
1,991
1,992
0,993
1,994
0,995
0,996
0,997
0,998
0,999
1,1000
1,1001
1,1002
1,1003
1,1004
0,1005
1,1006
0,1007
1,1008
0,1009
0,1010
1,1011
1,1012
1,1013
0,1014
0,1015
0,1016
0,1017
1,1018
1,1019
1,1020
1,1021
0,1022
1,1023
1,1024
1,1025
0,1026
1,1027
0,1028
1,1029
1,1030
1,1031
1,1032
1,1033
1,1034
1,1035
1,1036
0,1037
0,1038
1,1039
0,1040
0,1041
0,1042
1,1043
0,1044
1,1045
0,1046
1,1047
0,1048
1,1049
1,1050
1,1051
1,1052
0,1053
1,1054
1,1055
0,1056
0,1057
0,1058
0,1059
1,1060
1,1061
1,1062
0,1063
0,1064
1,1065
1,1066
1,1067
0,1068
1,1069
1,1070
1,1071
0,1072
1,1073
1,1074
1,1075
1,1076
1,1077
1,1078
0,1079
0,1080
0,1081
1,1082
1,1083
1,1084
0,1085
1,1086
1,1087
1,1088
0,1089
0,1090
0,1091
0,1092
1,1093
1,1094
1,1095
1,1096
1,1097
1,1098
1,1099
0,1100
0,1101
1,1102
1,1103
0,1104
1,1105
0,1106
1,1107
0,1108
0,1109
1,1110
0,1111
1,1112
0,1113
1,1114
1,1115
0,1116
0,1117
1,1118
1,1119
0,1120
0,1121
0,1122
0,1123
0,1124
1,1125
1,1126
1,1127
1,1128
1,1129
1,1130
0,1131
0,1132
1,1133
0,1134
1,1135
0,1136
0,1137
1,1138
0,1139
0,1140
1,1141
1,1142
0,1143
1,1144
0,1145
0,1146
0,1147
0,1148
1,1149
0,1150
1,1151
0,1152
0,1153
0,1154
1,1155
1,1156
1,1157
0,1158
1,1159
0,1160
0,1161
1,1162
1,1163
1,1164
0,1165
0,1166
0,1167
1,1168
1,1169
0,1170
1,1171
1,1172
0,1173
0,1174
0,1175
0,1176
0,1177
1,1178
0,1179
0,1180
0,1181
1,1182
1,1183
0,1184
0,1185
0,1186
1,1187
1,1188
0,1189
1,1190
0,1191
1,1192
1,1193
0,1194
0,1195
1,1196
0,1197
0,1198
1,1199
1,1200
0,1201
1,1202
0,1203
1,1204
0,1205
1,1206
0,1207
0,1208
0,1209
0,1210
1,1211
1,1212
1,1213
0,1214
1,1215
1,1216
0,1217
1,1218
1,1219
1,1220
0,1221
0,1222
0,1223
0,1224
0,1225
0,1226
1,1227
0,1228
1,1229
1,1230
0,1231
0,1232
1,1233
0,1234
1,1235
1,1236
1,1237
1,1238
1,1239
0,1240
0,1241
1,1242
1,1243
1,1244
0,1245
1,1246
0,1247
0,1248
1,1249
1,1250
0,1251
0,1252
0,1253
0,1254
1,1255
1,1256
0,1257
1,1258
0,1259
1,1260
1,1261
0,1262
0,1263
0,1264
0,1265
0,1266
1,1267
0,1268
1,1269
0,1270
1,1271
1,1272
1,1273
0,1274
1,1275
0,1276
0,1277
1,1278
1,1279
1,1280
1,1281
1,1282
1,1283
1,1284
0,1285
0,1286
0,1287
1,1288
0,1289
1,1290
1,1291
0,1292
1,1293
1,1294
1,1295
0,1296
0,1297
0,1298
0,1299
1,1300
0,1301
0,1302
0,1303
1,1304
1,1305
0,1306
0,1307
1,1308
0,1309
1,1310
1,1311
1,1312
1,1313
0,1314
1,1315
0,1316
0,1317
1,1318
0,1319
1,1320
0,1321
1,1322
0,1323
1,1324
1,1325
1,1326
1,1327
1,1328
0,1329
1,1330
1,1331
0,1332
1,1333
1,1334
1,1335
1,1336
0,1337
0,1338
1,1339
1,1340
0,1341
1,1342
1,1343
1,1344
1,1345
1,1346
1,1347
0,1348
1,1349
1,1350
1,1351
0,1352
0,1353
1,1354
0,1355
1,1356
0,1357
0,1358
1,1359
0,1360
1,1361
0,1362
1,1363
0,1364
0,1365
0,1366
1,1367
0,1368
0,1369
1,1370
0,1371
1,1372
1,1373
0,1374
1,1375
1,1376
0,1377
0,1378
1,1379
1,1380
1,1381
0,1382
0,1383
1,1384
1,1385
1,1386
1,1387
0,1388
0,1389
1,1390
0,1391
0,1392
0,1393
0,1394
0,1395
0,1396
1,1397
0,1398
1,1399
0,1400
0,1401
0,1402
1,1403
1,1404
0,1405
1,1406
0,1407
0,1408
1,1409
0,1410
0,1411
0,1412
1,1413
0,1414
0,1415
1,1416
0,1417
1,1418
0,1419
0,1420
1,1421
1,1422
0,1423
1,1424
1,1425
1,1426
1,1427
0,1428
1,1429
1,1430
1,1431
0,1432
0,1433
0,1434
1,1435
0,1436
0,1437
0,1438
1,1439
1,1440
1,1441
0,1442
1,1443
0,1444
0,1445
1,1446
0,1447
1,1448
0,1449
1,1450
1,1451
0,1452
1,1453
1,1454
1,1455
1,1456
0,1457
1,1458
0,1459
0,1460
0,1461
0,1462
0,1463
1,1464
0,1465
0,1466
1,1467
1,1468
0,1469
0,1470
1,1471
0,1472
1,1473
1,1474
1,1475
1,1476
1,1477
1,1478
1,1479
1,1480
1,1481
0,1482
1,1483
0,1484
1,1485
1,1486
1,1487
1,1488
1,1489
1,1490
1,1491
1,1492
1,1493
0,1494
0,1495
0,1496
0,1497
0,1498
1,1499
1,1500
0,1501
0,1502
0,1503
1,1504
0,1505
0,1506
1,1507
0,1508
0,1509
1,1510
0,1511
1,1512
1,1513
1,1514
0,1515
1,1516
0,1517
0,1518
1,1519
0,1520
0,1521
1,1522
1,1523
1,1524
0,1525
1,1526
1,1527
1,1528
0,1529
0,1530
1,1531
1,1532
1,1533
0,1534
1,1535
1,1536
0,1537
1,1538
1,1539
0,1540
1,1541
0,1542
1,1543
0,1544
0,1545
0,1546
1,1547
1,1548
0,1549
0,1550
0,1551
1,1552
0,1553
1,1554
1,1555
1,1556
1,1557
0,1558
0,1559
0,1560
0,1561
1,1562
1,1563
0,1564
0,1565
0,1566
1,1567
1,1568
1,1569
1,1570
0,1571
0,1572
1,1573
1,1574
0,1575
0,1576
0,1577
0,1578
1,1579
1,1580
1,1581
0,1582
1,1583
0,1584
1,1585
0,1586
1,1587
0,1588
0,1589
1,1590
1,1591
0,1592
0,1593
0,1594
0,1595
0,1596
1,1597
1,1598
1,1599
0,1600
0,1601
0,1602
1,1603
1,1604
0,1605
0,1606
1,1607
0,1608
1,1609
1,1610
1,1611
0,1612
0,1613
1,1614
0,1615
1,1616
1,1617
1,1618
1,1619
1,1620
0,1621
0,1622
0,1623
0,1624
0,1625
0,1626
0,1627
0,1628
0,1629
1,1630
0,1631
0,1632
0,1633
1,1634
1,1635
0,1636
1,1637
1,1638
1,1639
1,1640
0,1641
1,1642
0,1643
0,1644
0,1645
1,1646
1,1647
1,1648
0,1649
1,1650
0,1651
1,1652
0,1653
1,1654
1,1655
0,1656
1,1657
1,1658
0,1659
1,1660
0,1661
0,1662
0,1663
1,1664
1,1665
0,1666
0,1667
1,1668
0,1669
1,1670
1,1671
1,1672
1,1673
1,1674
0,1675
1,1676
0,1677
1,1678
0,1679
1,1680
0,1681
0,1682
1,1683
1,1684
1,1685
1,1686
1,1687
1,1688
1,1689
1,1690
0,1691
1,1692
1,1693
1,1694
0,1695
0,1696
0,1697
1,1698
0,1699
0,1700
1,1701
1,1702
0,1703
1,1704
1,1705
1,1706
0,1707
1,1708
0,1709
1,1710
0,1711
1,1712
0,1713
0,1714
1,1715
1,1716
0,1717
0,1718
1,1719
1,1720
1,1721
1,1722
1,1723
0,1724
0,1725
1,1726
1,1727
1,1728
0,1729
0,1730
0,1731
0,1732
0,1733
1,1734
0,1735
0,1736
1,1737
1,1738
1,1739
0,1740
1,1741
1,1742
1,1743
1,1744
0,1745
0,1746
1,1747
0,1748
0,1749
1,1750
0,1751
1,1752
0,1753
1,1754
0,1755
1,1756
1,1757
1,1758
0,1759
1,1760
0,1761
0,1762
1,1763
1,1764
1,1765
0,1766
1,1767
0,1768
1,1769
1,1770
1,1771
0,1772
1,1773
1,1774
1,1775
1,1776
1,1777
1,1778
0,1779
1,1780
0,1781
1,1782
0,1783
0,1784
1,1785
0,1786
0,1787
0,1788
0,1789
0,1790
1,1791
1,1792
1,1793
1,1794
1,1795
0,1796
0,1797
0,1798
1,1799
0,1800
1,1801
0,1802
1,1803
1,1804
1,1805
1,1806
0,1807
1,1808
1,1809
1,1810
0,1811
1,1812
0,1813
0,1814
0,1815
1,1816
1,1817
1,1818
0,1819
1,1820
1,1821
0,1822
1,1823
1,1824
0,1825
0,1826
1,1827
1,1828
0,1829
1,1830
0,1831
0,1832
1,1833
1,1834
0,1835
1,1836
1,1837
0,1838
0,1839
1,1840
0,1841
0,1842
1,1843
1,1844
1,1845
0,1846
0,1847
1,1848
1,1849
0,1850
0,1851
0,1852
0,1853
0,1854
1,1855
0,1856
1,1857
1,1858
0,1859
1,1860
0,1861
1,1862
1,1863
1,1864
0,1865
0,1866
0,1867
1,1868
1,1869
0,1870
1,1871
1,1872
1,1873
1,1874
0,1875
1,1876
1,1877
1,1878
0,1879
0,1880
0,1881
1,1882
0,1883
0,1884
1,1885
0,1886
1,1887
0,1888
1,1889
0,1890
0,1891
0,1892
1,1893
0,1894
0,1895
0,1896
0,1897
1,1898
1,1899
1,1900
0,1901
0,1902
0,1903
1,1904
1,1905
0,1906
0,1907
1,1908
1,1909
1,1910
1,1911
0,1912
0,1913
0,1914
1,1915
1,1916
1,1917
0,1918
1,1919
0,1920
1,1921
1,1922
0,1923
0,1924
0,1925
1,1926
1,1927
0,1928
1,1929
1,1930
1,1931
0,1932
0,1933
0,1934
0,1935
1,1936
0,1937
1,1938
0,1939
0,1940
0,1941
1,1942
0,1943
1,1944
0,1945
1,1946
1,1947
0,1948
1,1949
1,1950
0,1951
1,1952
0,1953
1,1954
1,1955
0,1956
1,1957
0,1958
0,1959
1,1960
0,1961
0,1962
1,1963
1,1964
0,1965
1,1966
1,1967
1,1968
1,1969
1,1970
0,1971
0,1972
0,1973
1,1974
0,1975
0,1976
0,1977
1,1978
0,1979
0,1980
0,1981
1,1982
0,1983
0,1984
1,1985
1,1986
1,1987
0,1988
0,1989
0,1990
1,1991
1,1992
1,1993
1,1994
0,1995
1,1996
1,1997
1,1998
0,1999
1,2000
1,2001
0,2002
0,2003
0,2004
1,2005
1,2006
0,2007
0,2008
1,2009
0,2010
1,2011
0,2012
0,2013
1,2014
0,2015
0,2016
0,2017
0,2018
1,2019
1,2020
0,2021
1,2022
0,2023
1,2024
0,2025
1,2026
0,2027
1,2028
0,2029
1,2030
1,2031
0,2032
0,2033
0,2034
1,2035
0,2036
0,2037
0,2038
1,2039
1,2040
0,2041
0,2042
0,2043
1,2044
0,2045
0,2046
0,2047
0,2048
0,2049
1,2050
1,2051
1,2052
1,2053
0,2054
1,2055
0,2056
1,2057
1,2058
0,2059
1,2060
0,2061
1,2062
0,2063
0,2064
0,2065
1,2066
1,2067
0,2068
0,2069
1,2070
1,2071
1,2072
1,2073
1,2074
1,2075
1,2076
0,2077
0,2078
0,2079
0,2080
1,2081
0,2082
1,2083
1,2084
1,2085
0,2086
0,2087
0,2088
0,2089
1,2090
0,2091
0,2092
1,2093
0,2094
0,2095
1,2096
0,2097
0,2098
0,2099
1,2100
1,2101
1,2102
1,2103
0,2104
1,2105
0,2106
1,2107
1,2108
0,2109
1,2110
0,2111
1,2112
1,2113
0,2114
0,2115
0,2116
1,2117
0,2118
0,2119
0,2120
0,2121
0,2122
0,2123
0,2124
1,2125
0,2126
0,2127
0,2128
0,2129
0,2130
0,2131
0,2132
0,2133
1,2134
1,2135
0,2136
1,2137
1,2138
0,2139
1,2140
1,2141
1,2142
0,2143
1,2144
1,2145
1,2146
0,2147
1,2148
1,2149
0,2150
0,2151
1,2152
1,2153
0,2154
1,2155
0,2156
0,2157
0,2158
0,2159
1,2160
0,2161
0,2162
1,2163
1,2164
1,2165
0,2166
1,2167
1,2168
0,2169
1,2170
0,2171
1,2172
1,2173
0,2174
0,2175
0,2176
1,2177
0,2178
1,2179
0,2180
1,2181
0,2182
1,2183
0,2184
0,2185
1,2186
1,2187
0,2188
1,2189
0,2190
1,2191
1,2192
0,2193
0,2194
1,2195
0,2196
1,2197
0,2198
1,2199
1,2200
0,2201
0,2202
1,2203
1,2204
0,2205
0,2206
0,2207
0,2208
0,2209
0,2210
1,2211
0,2212
1,2213
1,2214
0,2215
0,2216
0,2217
1,2218
1,2219
1,2220
0,2221
1,2222
0,2223
1,2224
0,2225
1,2226
0,2227
1,2228
1,2229
1,2230
0,2231
0,2232
1,2233
1,2234
1,2235
1,2236
0,2237
0,2238
0,2239
1,2240
0,2241
1,2242
1,2243
1,2244
1,2245
0,2246
1,2247
1,2248
0,2249
0,2250
1,2251
0,2252
1,2253
1,2254
1,2255
1,2256
1,2257
1,2258
0,2259
1,2260
1,2261
1,2262
0,2263
0,2264
1,2265
1,2266
1,2267
0,2268
1,2269
0,2270
0,2271
1,2272
0,2273
0,2274
0,2275
1,2276
0,2277
1,2278
0,2279
0,2280
1,2281
0,2282
1,2283
0,2284
1,2285
0,2286
0,2287
1,2288
0,2289
1,2290
1,2291
1,2292
1,2293
1,2294
0,2295
1,2296
0,2297
1,2298
1,2299
0,2300
1,2301
1,2302
0,2303
0,2304
0,2305
0,2306
1,2307
0,2308
1,2309
1,2310
1,2311
0,2312
1,2313
1,2314
1,2315
1,2316
0,2317
1,2318
0,2319
0,2320
1,2321
1,2322
0,2323
0,2324
1,2325
0,2326
0,2327
0,2328
1,2329
0,2330
0,2331
0,2332
0,2333
1,2334
0,2335
1,2336
1,2337
0,2338
1,2339
1,2340
1,2341
1,2342
1,2343
1,2344
0,2345
0,2346
1,2347
0,2348
1,2349
0,2350
0,2351
1,2352
1,2353
0,2354
1,2355
0,2356
1,2357
0,2358
1,2359
0,2360
0,2361
0,2362
1,2363
1,2364
0,2365
1,2366
1,2367
0,2368
0,2369
1,2370
1,2371
0,2372
1,2373
1,2374
0,2375
1,2376
1,2377
1,2378
1,2379
0,2380
0,2381
0,2382
1,2383
1,2384
1,2385
0,2386
0,2387
0,2388
0,2389
0,2390
0,2391
0,2392
1,2393
0,2394
0,2395
0,2396
1,2397
1,2398
1,2399
0,2400
1,2401
0,2402
0,2403
0,2404
0,2405
0,2406
1,2407
1,2408
1,2409
0,2410
1,2411
1,2412
0,2413
1,2414
1,2415
1,2416
0,2417
0,2418
0,2419
0,2420
1,2421
1,2422
1,2423
0,2424
0,2425
1,2426
1,2427
1,2428
1,2429
1,2430
0,2431
0,2432
1,2433
0,2434
0,2435
1,2436
1,2437
0,2438
0,2439
0,2440
1,2441
1,2442
1,2443
0,2444
0,2445
1,2446
0,2447
0,2448
1,2449
0,2450
0,2451
0,2452
1,2453
1,2454
0,2455
1,2456
1,2457
0,2458
0,2459
0,2460
1,2461
1,2462
1,2463
1,2464
1,2465
0,2466
0,2467
0,2468
1,2469
0,2470
1,2471
1,2472
0,2473
1,2474
0,2475
0,2476
1,2477
1,2478
0,2479
0,2480
1,2481
0,2482
0,2483
0,2484
1,2485
1,2486
1,2487
1,2488
1,2489
0,2490
1,2491
0,2492
1,2493
0,2494
1,2495
0,2496
1,2497
1,2498
1,2499
0,2500
0,2501
1,2502
0,2503
1,2504
1,2505
1,2506
1,2507
1,2508
1,2509
0,2510
1,2511
1,2512
0,2513
1,2514
1,2515
1,2516
0,2517
1,2518
1,2519
0,2520
1,2521
1,2522
0,2523
1,2524
0,2525
1,2526
1,2527
1,2528
0,2529
0,2530
0,2531
0,2532
1,2533
1,2534
0,2535
0,2536
0,2537
1,2538
1,2539
0,2540
0,2541
1,2542
0,2543
0,2544
1,2545
0,2546
1,2547
1,2548
1,2549
0,2550
1,2551
1,2552
0,2553
0,2554
0,2555
1,2556
1,2557
0,2558
0,2559
1,2560
0,2561
0,2562
0,2563
1,2564
0,2565
1,2566
1,2567
1,2568
1,2569
1,2570
1,2571
1,2572
1,2573
0,2574
1,2575
0,2576
1,2577
0,2578
0,2579
0,2580
1,2581
1,2582
1,2583
1,2584
0,2585
1,2586
1,2587
0,2588
0,2589
1,2590
1,2591
1,2592
1,2593
1,2594
0,2595
0,2596
1,2597
1,2598
1,2599
0,2600
1,2601
0,2602
1,2603
0,2604
1,2605
1,2606
1,2607
0,2608
1,2609
1,2610
1,2611
0,2612
0,2613
1,2614
1,2615
0,2616
1,2617
0,2618
1,2619
1,2620
0,2621
0,2622
1,2623
1,2624
0,2625
1,2626
1,2627
1,2628
1,2629
0,2630
1,2631
1,2632
0,2633
0,2634
1,2635
1,2636
0,2637
0,2638
0,2639
1,2640
1,2641
0,2642
0,2643
1,2644
0,2645
1,2646
0,2647
1,2648
0,2649
1,2650
0,2651
1,2652
1,2653
0,2654
1,2655
1,2656
0,2657
1,2658
1,2659
0,2660
1,2661
0,2662
0,2663
1,2664
1,2665
0,2666
0,2667
1,2668
0,2669
0,2670
0,2671
1,2672
1,2673
0,2674
1,2675
1,2676
0,2677
0,2678
1,2679
1,2680
0,2681
1,2682
1,2683
0,2684
0,2685
0,2686
1,2687
1,2688
1,2689
0,2690
1,2691
1,2692
0,2693
0,2694
0,2695
0,2696
0,2697
1,2698
1,2699
0,2700
0,2701
0,2702
1,2703
0,2704
0,2705
1,2706
1,2707
0,2708
1,2709
0,2710
0,2711
0,2712
0,2713
1,2714
1,2715
0,2716
0,2717
1,2718
1,2719
0,2720
1,2721
1,2722
0,2723
0,2724
0,2725
0,2726
1,2727
1,2728
0,2729
0,2730
1,2731
1,2732
0,2733
0,2734
1,2735
1,2736
1,2737
0,2738
1,2739
1,2740
0,2741
1,2742
1,2743
0,2744
0,2745
1,2746
1,2747
1,2748
0,2749
1,2750
1,2751
1,2752
1,2753
1,2754
1,2755
0,2756
0,2757
0,2758
0,2759
1,2760
0,2761
1,2762
0,2763
0,2764
1,2765
0,2766
0,2767
0,2768
0,2769
1,2770
1,2771
1,2772
1,2773
0,2774
0,2775
1,2776
1,2777
1,2778
1,2779
1,2780
0,2781
1,2782
0,2783
1,2784
0,2785
1,2786
0,2787
1,2788
0,2789
0,2790
1,2791
0,2792
1,2793
1,2794
0,2795
1,2796
0,2797
1,2798
0,2799
1,2800
0,2801
1,2802
1,2803
0,2804
0,2805
1,2806
0,2807
0,2808
1,2809
1,2810
1,2811
1,2812
1,2813
0,2814
1,2815
0,2816
1,2817
1,2818
0,2819
1,2820
0,2821
0,2822
1,2823
1,2824
0,2825
0,2826
0,2827
0,2828
1,2829
0,2830
1,2831
1,2832
0,2833
0,2834
0,2835
1,2836
1,2837
0,2838
1,2839
1,2840
1,2841
1,2842
0,2843
0,2844
1,2845
1,2846
1,2847
0,2848
0,2849
0,2850
1,2851
0,2852
1,2853
1,2854
0,2855
1,2856
1,2857
1,2858
0,2859
0,2860
0,2861
1,2862
0,2863
1,2864
0,2865
0,2866
0,2867
0,2868
0,2869
0,2870
1,2871
1,2872
1,2873
0,2874
0,2875
0,2876
0,2877
0,2878
0,2879
0,2880
1,2881
0,2882
0,2883
0,2884
0,2885
0,2886
1,2887
1,2888
0,2889
1,2890
0,2891
1,2892
0,2893
0,2894
0,2895
1,2896
0,2897
0,2898
1,2899
0,2900
0,2901
1,2902
0,2903
1,2904
1,2905
0,2906
0,2907
1,2908
0,2909
0,2910
1,2911
1,2912
0,2913
0,2914
0,2915
0,2916
0,2917
1,2918
0,2919
1,2920
1,2921
1,2922
1,2923
0,2924
1,2925
1,2926
0,2927
1,2928
0,2929
1,2930
0,2931
0,2932
1,2933
1,2934
0,2935
1,2936
1,2937
1,2938
1,2939
1,2940
0,2941
1,2942
0,2943
0,2944
0,2945
0,2946
1,2947
0,2948
1,2949
0,2950
1,2951
1,2952
1,2953
0,2954
1,2955
1,2956
0,2957
1,2958
0,2959
1,2960
1,2961
0,2962
0,2963
1,2964
1,2965
1,2966
0,2967
0,2968
1,2969
0,2970
1,2971
1,2972
0,2973
1,2974
1,2975
0,2976
0,2977
0,2978
1,2979
1,2980
0,2981
1,2982
1,2983
0,2984
0,2985
0,2986
0,2987
1,2988
1,2989
0,2990
0,2991
0,2992
1,2993
0,2994
1,2995
1,2996
1,2997
0,2998
1,2999
1,3000
1,3001
0,3002
0,3003
1,3004
1,3005
1,3006
1,3007
0,3008
0,3009
1,3010
1,3011
0,3012
1,3013
1,3014
1,3015
0,3016
1,3017
1,3018
0,3019
0,3020
1,3021
0,3022
1,3023
0,3024
1,3025
1,3026
0,3027
0,3028
1,3029
0,3030
0,3031
1,3032
0,3033
0,3034
0,3035
1,3036
1,3037
0,3038
1,3039
1,3040
1,3041
1,3042
0,3043
1,3044
1,3045
1,3046
0,3047
0,3048
1,3049
1,3050
1,3051
0,3052
0,3053
1,3054
1,3055
1,3056
1,3057
1,3058
0,3059
0,3060
0,3061
1,3062
0,3063
1,3064
1,3065
1,3066
1,3067
1,3068
0,3069
0,3070
1,3071
0,3072
1,3073
0,3074
1,3075
1,3076
0,3077
1,3078
0,3079
1,3080
1,3081
0,3082
1,3083
1,3084
0,3085
1,3086
1,3087
1,3088
1,3089
1,3090
1,3091
1,3092
0,3093
0,3094
1,3095
1,3096
1,3097
1,3098
0,3099
0,3100
0,3101
0,3102
0,3103
0,3104
1,3105
1,3106
0,3107
1,3108
0,3109
1,3110
0,3111
0,3112
0,3113
0,3114
0,3115
0,3116
0,3117
0,3118
0,3119
1,3120
0,3121
0,3122
0,3123
0,3124
1,3125
1,3126
1,3127
1,3128
1,3129
0,3130
0,3131
0,3132
0,3133
0,3134
0,3135
1,3136
1,3137
1,3138
1,3139
0,3140
0,3141
1,3142
1,3143
0,3144
1,3145
1,3146
0,3147
1,3148
0,3149
0,3150
1,3151
1,3152
0,3153
1,3154
1,3155
1,3156
1,3157
0,3158
1,3159
1,3160
1,3161
1,3162
0,3163
1,3164
0,3165
0,3166
0,3167
0,3168
0,3169
0,3170
1,3171
1,3172
1,3173
0,3174
1,3175
0,3176
1,3177
1,3178
1,3179
0,3180
1,3181
0,3182
0,3183
1,3184
0,3185
1,3186
0,3187
1,3188
0,3189
0,3190
1,3191
0,3192
1,3193
0,3194
1,3195
0,3196
1,3197
0,3198
1,3199
0,3200
0,3201
1,3202
0,3203
0,3204
1,3205
0,3206
1,3207
0,3208
1,3209
1,3210
1,3211
1,3212
1,3213
0,3214
1,3215
1,3216
1,3217
0,3218
1,3219
1,3220
0,3221
1,3222
0,3223
1,3224
1,3225
0,3226
0,3227
1,3228
0,3229
1,3230
0,3231
0,3232
0,3233
1,3234
0,3235
1,3236
0,3237
1,3238
1,3239
0,3240
0,3241
1,3242
0,3243
1,3244
0,3245
1,3246
0,3247
0,3248
1,3249
0,3250
0,3251
0,3252
0,3253
0,3254
0,3255
1,3256
0,3257
0,3258
0,3259
0,3260
0,3261
1,3262
0,3263
0,3264
1,3265
0,3266
0,3267
0,3268
1,3269
1,3270
0,3271
1,3272
1,3273
1,3274
1,3275
0,3276
0,3277
0,3278
0,3279
1,3280
0,3281
0,3282
0,3283
1,3284
0,3285
0,3286
0,3287
0,3288
1,3289
1,3290
0,3291
1,3292
1,3293
1,3294
0,3295
1,3296
1,3297
1,3298
0,3299
0,3300
1,3301
1,3302
1,3303
1,3304
0,3305
0,3306
0,3307
0,3308
1,3309
0,3310
1,3311
0,3312
0,3313
1,3314
1,3315
1,3316
1,3317
0,3318
1,3319
1,3320
1,3321
0,3322
0,3323
1,3324
0,3325
1,3326
0,3327
0,3328
0,3329
0,3330
1,3331
0,3332
0,3333
0,3334
0,3335
1,3336
0,3337
0,3338
1,3339
1,3340
0,3341
1,3342
1,3343
1,3344
0,3345
1,3346
1,3347
0,3348
1,3349
1,3350
0,3351
0,3352
1,3353
0,3354
1,3355
1,3356
0,3357
1,3358
0,3359
0,3360
0,3361
0,3362
0,3363
0,3364
1,3365
1,3366
1,3367
0,3368
0,3369
1,3370
1,3371
0,3372
0,3373
0,3374
1,3375
1,3376
1,3377
1,3378
1,3379
1,3380
0,3381
1,3382
0,3383
1,3384
0,3385
1,3386
0,3387
0,3388
0,3389
1,3390
1,3391
1,3392
0,3393
1,3394
0,3395
0,3396
1,3397
1,3398
1,3399
1,3400
0,3401
1,3402
0,3403
1,3404
1,3405
1,3406
1,3407
0,3408
1,3409
1,3410
0,3411
1,3412
1,3413
1,3414
1,3415
0,3416
0,3417
0,3418
1,3419
1,3420
0,3421
1,3422
1,3423
0,3424
1,3425
1,3426
0,3427
0,3428
0,3429
1,3430
1,3431
1,3432
0,3433
0,3434
1,3435
1,3436
0,3437
0,3438
0,3439
1,3440
0,3441
0,3442
0,3443
0,3444
0,3445
1,3446
0,3447
0,3448
0,3449
0,3450
0,3451
0,3452
0,3453
0,3454
0,3455
1,3456
1,3457
1,3458
0,3459
1,3460
1,3461
1,3462
0,3463
1,3464
0,3465
0,3466
1,3467
1,3468
0,3469
0,3470
0,3471
1,3472
1,3473
1,3474
0,3475
1,3476
0,3477
0,3478
0,3479
0,3480
1,3481
0,3482
1,3483
1,3484
0,3485
1,3486
0,3487
0,3488
1,3489
0,3490
1,3491
0,3492
1,3493
1,3494
1,3495
1,3496
0,3497
1,3498
1,3499
0,3500
1,3501
1,3502
0,3503
0,3504
0,3505
0,3506
1,3507
1,3508
1,3509
1,3510
0,3511
0,3512
1,3513
1,3514
1,3515
0,3516
1,3517
0,3518
1,3519
1,3520
1,3521
0,3522
1,3523
1,3524
1,3525
0,3526
0,3527
1,3528
0,3529
0,3530
0,3531
1,3532
1,3533
0,3534
0,3535
1,3536
1,3537
0,3538
0,3539
0,3540
1,3541
0,3542
1,3543
1,3544
0,3545
1,3546
0,3547
1,3548
0,3549
1,3550
1,3551
1,3552
1,3553
1,3554
0,3555
0,3556
1,3557
1,3558
1,3559
0,3560
0,3561
0,3562
1,3563
1,3564
0,3565
1,3566
0,3567
1,3568
0,3569
1,3570
1,3571
0,3572
1,3573
0,3574
1,3575
1,3576
1,3577
1,3578
1,3579
1,3580
0,3581
0,3582
1,3583
1,3584
1,3585
0,3586
0,3587
0,3588
0,3589
0,3590
0,3591
1,3592
0,3593
1,3594
0,3595
1,3596
0,3597
0,3598
1,3599
1,3600
1,3601
0,3602
1,3603
0,3604
1,3605
0,3606
0,3607
0,3608
0,3609
1,3610
1,3611
0,3612
1,3613
1,3614
0,3615
0,3616
0,3617
0,3618
1,3619
1,3620
0,3621
1,3622
1,3623
1,3624
1,3625
0,3626
0,3627
1,3628
1,3629
1,3630
0,3631
0,3632
1,3633
1,3634
0,3635
0,3636
0,3637
0,3638
1,3639
0,3640
0,3641
0,3642
1,3643
0,3644
1,3645
1,3646
0,3647
0,3648
0,3649
0,3650
1,3651
1,3652
1,3653
1,3654
1,3655
1,3656
0,3657
1,3658
0,3659
0,3660
0,3661
0,3662
1,3663
0,3664
1,3665
1,3666
1,3667
1,3668
0,3669
1,3670
1,3671
0,3672
1,3673
1,3674
0,3675
1,3676
0,3677
0,3678
0,3679
0,3680
0,3681
0,3682
1,3683
0,3684
0,3685
0,3686
0,3687
1,3688
0,3689
1,3690
0,3691
1,3692
1,3693
0,3694
0,3695
0,3696
0,3697
0,3698
1,3699
0,3700
1,3701
0,3702
1,3703
1,3704
1,3705
0,3706
1,3707
1,3708
0,3709
0,3710
0,3711
0,3712
1,3713
0,3714
0,3715
1,3716
0,3717
1,3718
0,3719
1,3720
1,3721
0,3722
1,3723
1,3724
1,3725
1,3726
0,3727
0,3728
1,3729
0,3730
1,3731
0,3732
0,3733
1,3734
1,3735
0,3736
0,3737
1,3738
1,3739
0,3740
0,3741
1,3742
0,3743
1,3744
1,3745
0,3746
0,3747
0,3748
0,3749
0,3750
1,3751
0,3752
1,3753
1,3754
1,3755
1,3756
1,3757
1,3758
1,3759
0,3760
1,3761
1,3762
1,3763
1,3764
1,3765
0,3766
1,3767
1,3768
0,3769
1,3770
1,3771
0,3772
0,3773
1,3774
0,3775
0,3776
1,3777
0,3778
0,3779
1,3780
0,3781
1,3782
1,3783
0,3784
0,3785
1,3786
1,3787
1,3788
0,3789
1,3790
0,3791
1,3792
0,3793
1,3794
0,3795
0,3796
0,3797
1,3798
0,3799
1,3800
1,3801
0,3802
1,3803
0,3804
1,3805
0,3806
1,3807
0,3808
0,3809
0,3810
1,3811
0,3812
0,3813
1,3814
1,3815
1,3816
1,3817
0,3818
0,3819
0,3820
1,3821
0,3822
1,3823
1,3824
1,3825
0,3826
0,3827
1,3828
0,3829
0,3830
0,3831
0,3832
1,3833
0,3834
0,3835
1,3836
0,3837
1,3838
1,3839
0,3840
0,3841
1,3842
0,3843
0,3844
0,3845
0,3846
0,3847
0,3848
1,3849
0,3850
1,3851
0,3852
1,3853
1,3854
1,3855
1,3856
1,3857
0,3858
1,3859
1,3860
0,3861
0,3862
0,3863
1,3864
1,3865
1,3866
0,3867
1,3868
1,3869
0,3870
0,3871
1,3872
1,3873
1,3874
0,3875
0,3876
1,3877
1,3878
1,3879
0,3880
0,3881
0,3882
1,3883
1,3884
0,3885
1,3886
0,3887
0,3888
0,3889
1,3890
1,3891
0,3892
0,3893
0,3894
0,3895
1,3896
0,3897
0,3898
0,3899
0,3900
1,3901
1,3902
0,3903
1,3904
1,3905
0,3906
1,3907
0,3908
1,3909
1,3910
0,3911
0,3912
0,3913
0,3914
1,3915
0,3916
0,3917
0,3918
0,3919
0,3920
1,3921
1,3922
0,3923
0,3924
1,3925
1,3926
1,3927
0,3928
0,3929
0,3930
1,3931
1,3932
0,3933
0,3934
1,3935
1,3936
0,3937
0,3938
1,3939
0,3940
1,3941
0,3942
1,3943
0,3944
1,3945
1,3946
0,3947
0,3948
0,3949
1,3950
0,3951
1,3952
0,3953
0,3954
0,3955
1,3956
0,3957
0,3958
0,3959
0,3960
1,3961
0,3962
1,3963
1,3964
0,3965
1,3966
1,3967
1,3968
1,3969
0,3970
0,3971
1,3972
1,3973
0,3974
0,3975
0,3976
1,3977
0,3978
1,3979
0,3980
0,3981
1,3982
0,3983
1,3984
1,3985
1,3986
1,3987
0,3988
1,3989
1,3990
0,3991
0,3992
0,3993
1,3994
1,3995
1,3996
1,3997
1,3998
0,3999
1,4000
1,4001
1,4002
1,4003
1,4004
1,4005
0,4006
0,4007
0,4008
0,4009
1,4010
0,4011
0,4012
0,4013
1,4014
0,4015
1,4016
0,4017
0,4018
1,4019
0,4020
1,4021
1,4022
0,4023
1,4024
1,4025
1,4026
1,4027
0,4028
0,4029
1,4030
1,4031
0,4032
0,4033
0,4034
0,4035
0,4036
1,4037
0,4038
0,4039
0,4040
1,4041
1,4042
1,4043
0,4044
0,4045
0,4046
0,4047
1,4048
1,4049
1,4050
0,4051
0,4052
1,4053
1,4054
1,4055
1,4056
1,4057
0,4058
0,4059
0,4060
1,4061
1,4062
0,4063
0,4064
1,4065
0,4066
0,4067
1,4068
0,4069
0,4070
0,4071
1,4072
0,4073
0,4074
0,4075
1,4076
0,4077
1,4078
1,4079
1,4080
0,4081
1,4082
0,4083
1,4084
1,4085
0,4086
1,4087
1,4088
0,4089
1,4090
1,4091
0,4092
1,4093
0,4094
1,4095
0,4096
0,4097
0,4098
1,4099
1,4100
0,4101
0,4102
1,4103
1,4104
1,4105
1,4106
0,4107
1,4108
1,4109
0,4110
1,4111
0,4112
0,4113
1,4114
1,4115
0,4116
0,4117
1,4118
0,4119
1,4120
1,4121
1,4122
1,4123
0,4124
0,4125
1,4126
1,4127
0,4128
1,4129
0,4130
1,4131
1,4132
1,4133
0,4134
0,4135
1,4136
0,4137
0,4138
1,4139
1,4140
1,4141
1,4142
1,4143
0,4144
0,4145
1,4146
1,4147
1,4148
0,4149
0,4150
1,4151
1,4152
1,4153
0,4154
1,4155
0,4156
0,4157
1,4158
1,4159
0,4160
0,4161
0,4162
1,4163
0,4164
0,4165
1,4166
1,4167
1,4168
0,4169
1,4170
1,4171
1,4172
1,4173
0,4174
1,4175
1,4176
1,4177
1,4178
0,4179
1,4180
1,4181
1,4182
0,4183
1,4184
1,4185
0,4186
0,4187
0,4188
1,4189
0,4190
1,4191
1,4192
1,4193
0,4194
0,4195
1,4196
0,4197
0,4198
1,4199
0,4200
1,4201
0,4202
0,4203
1,4204
0,4205
1,4206
0,4207
0,4208
1,4209
1,4210
0,4211
1,4212
0,4213
0,4214
1,4215
0,4216
1,4217
1,4218
0,4219
0,4220
1,4221
0,4222
0,4223
0,4224
0,4225
0,4226
0,4227
1,4228
1,4229
0,4230
1,4231
1,4232
1,4233
1,4234
0,4235
1,4236
0,4237
0,4238
0,4239
0,4240
0,4241
0,4242
1,4243
0,4244
0,4245
1,4246
0,4247
0,4248
0,4249
0,4250
0,4251
0,4252
0,4253
1,4254
1,4255
1,4256
0,4257
1,4258
0,4259
1,4260
0,4261
1,4262
1,4263
0,4264
1,4265
0,4266
1,4267
0,4268
0,4269
1,4270
1,4271
1,4272
1,4273
1,4274
0,4275
1,4276
1,4277
0,4278
0,4279
0,4280
0,4281
1,4282
1,4283
1,4284
1,4285
1,4286
0,4287
1,4288
1,4289
0,4290
1,4291
1,4292
1,4293
0,4294
1,4295
0,4296
0,4297
0,4298
1,4299
0,4300
0,4301
1,4302
0,4303
1,4304
0,4305
0,4306
0,4307
1,4308
1,4309
0,4310
1,4311
0,4312
1,4313
0,4314
0,4315
0,4316
0,4317
0,4318
0,4319
0,4320
1,4321
1,4322
0,4323
1,4324
1,4325
0,4326
1,4327
0,4328
0,4329
0,4330
1,4331
0,4332
1,4333
1,4334
0,4335
0,4336
1,4337
1,4338
0,4339
1,4340
1,4341
1,4342
0,4343
0,4344
0,4345
0,4346
1,4347
1,4348
1,4349
1,4350
1,4351
1,4352
0,4353
1,4354
0,4355
1,4356
0,4357
1,4358
1,4359
1,4360
0,4361
0,4362
1,4363
0,4364
0,4365
0,4366
0,4367
0,4368
1,4369
1,4370
0,4371
0,4372
0,4373
1,4374
1,4375
1,4376
0,4377
1,4378
0,4379
0,4380
0,4381
0,4382
0,4383
1,4384
0,4385
0,4386
0,4387
0,4388
0,4389
0,4390
1,4391
0,4392
0,4393
1,4394
0,4395
0,4396
0,4397
1,4398
0,4399
0,4400
0,4401
0,4402
0,4403
0,4404
1,4405
1,4406
0,4407
1,4408
0,4409
1,4410
0,4411
0,4412
1,4413
0,4414
1,4415
0,4416
1,4417
1,4418
0,4419
1,4420
1,4421
1,4422
1,4423
0,4424
1,4425
1,4426
1,4427
0,4428
1,4429
1,4430
1,4431
1,4432
1,4433
1,4434
0,4435
1,4436
1,4437
0,4438
1,4439
1,4440
0,4441
1,4442
0,4443
0,4444
0,4445
1,4446
1,4447
1,4448
1,4449
1,4450
1,4451
0,4452
1,4453
1,4454
0,4455
1,4456
0,4457
1,4458
1,4459
0,4460
0,4461
1,4462
1,4463
1,4464
0,4465
0,4466
1,4467
1,4468
1,4469
0,4470
1,4471
0,4472
1,4473
1,4474
0,4475
1,4476
0,4477
0,4478
1,4479
1,4480
0,4481
0,4482
0,4483
1,4484
0,4485
0,4486
0,4487
0,4488
1,4489
1,4490
1,4491
0,4492
1,4493
1,4494
1,4495
1,4496
1,4497
0,4498
1,4499
1,4500
0,4501
0,4502
0,4503
0,4504
1,4505
1,4506
0,4507
0,4508
1,4509
0,4510
1,4511
1,4512
0,4513
0,4514
0,4515
1,4516
0,4517
0,4518
0,4519
0,4520
1,4521
0,4522
1,4523
1,4524
0,4525
1,4526
0,4527
0,4528
0,4529
0,4530
0,4531
0,4532
0,4533
1,4534
0,4535
0,4536
0,4537
0,4538
1,4539
1,4540
0,4541
1,4542
1,4543
0,4544
0,4545
1,4546
0,4547
0,4548
1,4549
0,4550
0,4551
1,4552
1,4553
0,4554
1,4555
1,4556
1,4557
1,4558
0,4559
1,4560
1,4561
0,4562
1,4563
1,4564
0,4565
1,4566
1,4567
0,4568
0,4569
0,4570
1,4571
1,4572
1,4573
0,4574
0,4575
0,4576
1,4577
0,4578
0,4579
1,4580
1,4581
1,4582
1,4583
0,4584
1,4585
0,4586
1,4587
0,4588
1,4589
1,4590
1,4591
0,4592
1,4593
1,4594
1,4595
0,4596
0,4597
1,4598
1,4599
1,4600
1,4601
0,4602
0,4603
0,4604
0,4605
0,4606
0,4607
1,4608
0,4609
1,4610
1,4611
1,4612
0,4613
1,4614
1,4615
1,4616
0,4617
1,4618
0,4619
0,4620
1,4621
1,4622
0,4623
0,4624
1,4625
1,4626
0,4627
0,4628
0,4629
1,4630
0,4631
0,4632
1,4633
1,4634
0,4635
0,4636
0,4637
1,4638
1,4639
0,4640
0,4641
0,4642
0,4643
1,4644
1,4645
1,4646
1,4647
1,4648
0,4649
0,4650
1,4651
0,4652
1,4653
0,4654
0,4655
1,4656
0,4657
1,4658
1,4659
0,4660
1,4661
0,4662
1,4663
1,4664
1,4665
0,4666
1,4667
0,4668
0,4669
0,4670
1,4671
0,4672
0,4673
0,4674
0,4675
1,4676
1,4677
0,4678
0,4679
0,4680
1,4681
1,4682
0,4683
0,4684
0,4685
0,4686
0,4687
0,4688
1,4689
0,4690
0,4691
1,4692
1,4693
1,4694
1,4695
1,4696
0,4697
0,4698
1,4699
1,4700
0,4701
0,4702
1,4703
0,4704
0,4705
1,4706
1,4707
0,4708
0,4709
0,4710
0,4711
0,4712
1,4713
0,4714
0,4715
1,4716
0,4717
1,4718
1,4719
1,4720
0,4721
0,4722
1,4723
1,4724
0,4725
0,4726
0,4727
0,4728
1,4729
1,4730
1,4731
0,4732
0,4733
0,4734
1,4735
1,4736
1,4737
1,4738
1,4739
0,4740
0,4741
0,4742
1,4743
0,4744
0,4745
0,4746
1,4747
1,4748
0,4749
0,4750
1,4751
0,4752
0,4753
0,4754
1,4755
0,4756
0,4757
1,4758
1,4759
0,4760
0,4761
1,4762
1,4763
1,4764
0,4765
0,4766
1,4767
0,4768
1,4769
0,4770
0,4771
0,4772
1,4773
1,4774
0,4775
0,4776
1,4777
1,4778
0,4779
0,4780
0,4781
1,4782
0,4783
0,4784
0,4785
1,4786
1,4787
0,4788
1,4789
1,4790
1,4791
0,4792
0,4793
0,4794
0,4795
1,4796
0,4797
0,4798
1,4799
0,4800
1,4801
0,4802
1,4803
0,4804
1,4805
1,4806
0,4807
1,4808
1,4809
1,4810
1,4811
1,4812
0,4813
1,4814
0,4815
1,4816
1,4817
0,4818
0,4819
1,4820
0,4821
0,4822
1,4823
0,4824
1,4825
0,4826
0,4827
1,4828
1,4829
0,4830
1,4831
1,4832
1,4833
1,4834
0,4835
0,4836
0,4837
1,4838
1,4839
0,4840
1,4841
0,4842
0,4843
1,4844
1,4845
1,4846
1,4847
1,4848
1,4849
1,4850
0,4851
1,4852
0,4853
1,4854
1,4855
1,4856
0,4857
1,4858
0,4859
0,4860
1,4861
1,4862
0,4863
0,4864
1,4865
0,4866
1,4867
0,4868
1,4869
0,4870
0,4871
1,4872
0,4873
0,4874
0,4875
0,4876
0,4877
1,4878
1,4879
0,4880
0,4881
0,4882
1,4883
0,4884
1,4885
0,4886
1,4887
1,4888
0,4889
1,4890
1,4891
0,4892
1,4893
1,4894
1,4895
0,4896
1,4897
1,4898
0,4899
0,4900
1,4901
0,4902
0,4903
1,4904
0,4905
0,4906
1,4907
0,4908
1,4909
0,4910
0,4911
1,4912
0,4913
1,4914
0,4915
1,4916
0,4917
0,4918
1,4919
1,4920
0,4921
0,4922
1,4923
1,4924
1,4925
1,4926
0,4927
0,4928
1,4929
0,4930
0,4931
1,4932
0,4933
1,4934
1,4935
0,4936
1,4937
1,4938
0,4939
1,4940
1,4941
0,4942
1,4943
1,4944
0,4945
1,4946
1,4947
1,4948
0,4949
0,4950
0,4951
0,4952
0,4953
0,4954
1,4955
1,4956
1,4957
0,4958
0,4959
1,4960
1,4961
0,4962
0,4963
1,4964
1,4965
1,4966
1,4967
1,4968
1,4969
0,4970
1,4971
0,4972
0,4973
0,4974
0,4975
0,4976
1,4977
1,4978
0,4979
0,4980
0,4981
0,4982
1,4983
1,4984
1,4985
1,4986
0,4987
0,4988
0,4989
0,4990
0,4991
1,4992
0,4993
0,4994
0,4995
0,4996
0,4997
1,4998
0,4999
0,5000
0,5001
0,5002
0,5003
0,5004
1,5005
1,5006
1,5007
1,5008
0,5009
0,5010
1,5011
0,5012
0,5013
1,5014
1,5015
0,5016
0,5017
1,5018
0,5019
1,5020
0,5021
1,5022
0,5023
0,5024
1,5025
1,5026
0,5027
0,5028
1,5029
0,5030
0,5031
1,5032
1,5033
0,5034
0,5035
0,5036
1,5037
0,5038
0,5039
1,5040
0,5041
0,5042
1,5043
0,5044
1,5045
0,5046
0,5047
1,5048
1,5049
0,5050
0,5051
1,5052
1,5053
0,5054
1,5055
0,5056
0,5057
0,5058
1,5059
0,5060
0,5061
1,5062
1,5063
1,5064
0,5065
0,5066
1,5067
0,5068
0,5069
1,5070
1,5071
0,5072
0,5073
0,5074
1,5075
1,5076
0,5077
0,5078
0,5079
1,5080
0,5081
1,5082
1,5083
0,5084
1,5085
1,5086
1,5087
1,5088
0,5089
1,5090
0,5091
1,5092
1,5093
0,5094
0,5095
0,5096
0,5097
0,5098
1,5099
1,5100
0,5101
0,5102
1,5103
1,5104
0,5105
1,5106
1,5107
1,5108
0,5109
1,5110
0,5111
1,5112
0,5113
0,5114
1,5115
0,5116
1,5117
1,5118
1,5119
0,5120
1,5121
0,5122
1,5123
0,5124
1,5125
0,5126
1,5127
1,5128
0,5129
1,5130
0,5131
0,5132
1,5133
1,5134
0,5135
1,5136
1,5137
1,5138
0,5139
1,5140
1,5141
1,5142
1,5143
0,5144
1,5145
0,5146
1,5147
1,5148
0,5149
0,5150
0,5151
1,5152
1,5153
1,5154
1,5155
0,5156
0,5157
0,5158
0,5159
0,5160
1,5161
0,5162
0,5163
1,5164
1,5165
0,5166
1,5167
0,5168
0,5169
1,5170
0,5171
0,5172
1,5173
1,5174
1,5175
0,5176
0,5177
0,5178
0,5179
1,5180
0,5181
0,5182
1,5183
1,5184
1,5185
0,5186
0,5187
1,5188
0,5189
0,5190
1,5191
1,5192
0,5193
1,5194
1,5195
0,5196
1,5197
1,5198
0,5199
0,5200
1,5201
0,5202
1,5203
0,5204
0,5205
0,5206
0,5207
1,5208
1,5209
0,5210
1,5211
1,5212
0,5213
0,5214
1,5215
0,5216
0,5217
1,5218
1,5219
1,5220
1,5221
1,5222
1,5223
1,5224
0,5225
1,5226
0,5227
1,5228
0,5229
0,5230
1,5231
1,5232
1,5233
0,5234
0,5235
0,5236
1,5237
1,5238
1,5239
0,5240
0,5241
0,5242
1,5243
0,5244
1,5245
0,5246
0,5247
0,5248
0,5249
1,5250
0,5251
0,5252
0,5253
1,5254
1,5255
0,5256
0,5257
1,5258
0,5259
0,5260
1,5261
1,5262
1,5263
0,5264
1,5265
0,5266
0,5267
1,5268
0,5269
0,5270
1,5271
0,5272
1,5273
1,5274
0,5275
1,5276
1,5277
1,5278
0,5279
0,5280
0,5281
1,5282
1,5283
0,5284
1,5285
1,5286
1,5287
0,5288
0,5289
0,5290
0,5291
0,5292
1,5293
1,5294
1,5295
0,5296
1,5297
0,5298
0,5299
0,5300
1,5301
1,5302
0,5303
1,5304
1,5305
0,5306
0,5307
0,5308
0,5309
1,5310
0,5311
1,5312
1,5313
1,5314
0,5315
0,5316
0,5317
0,5318
1,5319
1,5320
1,5321
0,5322
0,5323
1,5324
0,5325
1,5326
1,5327
1,5328
1,5329
0,5330
1,5331
1,5332
1,5333
1,5334
0,5335
0,5336
0,5337
1,5338
1,5339
1,5340
0,5341
0,5342
1,5343
0,5344
0,5345
1,5346
1,5347
0,5348
0,5349
0,5350
1,5351
1,5352
1,5353
1,5354
0,5355
1,5356
1,5357
0,5358
0,5359
1,5360
1,5361
1,5362
0,5363
1,5364
1,5365
1,5366
1,5367
1,5368
1,5369
0,5370
0,5371
0,5372
0,5373
1,5374
0,5375
1,5376
1,5377
1,5378
0,5379
1,5380
1,5381
1,5382
1,5383
1,5384
0,5385
1,5386
0,5387
0,5388
1,5389
0,5390
1,5391
0,5392
1,5393
0,5394
0,5395
0,5396
1,5397
0,5398
0,5399
1,5400
1,5401
0,5402
1,5403
0,5404
1,5405
0,5406
1,5407
1,5408
0,5409
0,5410
0,5411
1,5412
0,5413
1,5414
0,5415
1,5416
0,5417
0,5418
1,5419
1,5420
1,5421
0,5422
1,5423
1,5424
1,5425
1,5426
0,5427
0,5428
1,5429
0,5430
0,5431
1,5432
1,5433
1,5434
1,5435
0,5436
1,5437
0,5438
1,5439
0,5440
0,5441
1,5442
0,5443
0,5444
1,5445
1,5446
1,5447
1,5448
0,5449
0,5450
0,5451
1,5452
0,5453
1,5454
0,5455
1,5456
1,5457
1,5458
0,5459
1,5460
1,5461
1,5462
0,5463
0,5464
1,5465
0,5466
1,5467
1,5468
1,5469
1,5470
0,5471
1,5472
0,5473
1,5474
1,5475
0,5476
0,5477
0,5478
0,5479
0,5480
1,5481
0,5482
1,5483
0,5484
1,5485
1,5486
0,5487
0,5488
1,5489
1,5490
0,5491
1,5492
1,5493
1,5494
0,5495
0,5496
0,5497
0,5498
1,5499
0,5500
0,5501
0,5502
0,5503
0,5504
0,5505
0,5506
0,5507
1,5508
1,5509
1,5510
0,5511
1,5512
0,5513
0,5514
1,5515
1,5516
1,5517
0,5518
0,5519
0,5520
1,5521
0,5522
0,5523
0,5524
0,5525
0,5526
0,5527
1,5528
0,5529
1,5530
1,5531
1,5532
0,5533
0,5534
0,5535
1,5536
1,5537
1,5538
0,5539
1,5540
1,5541
1,5542
1,5543
1,5544
0,5545
0,5546
0,5547
1,5548
1,5549
0,5550
0,5551
1,5552
0,5553
0,5554
1,5555
0,5556
0,5557
1,5558
0,5559
0,5560
1,5561
0,5562
1,5563
1,5564
0,5565
1,5566
1,5567
0,5568
0,5569
1,5570
0,5571
0,5572
1,5573
0,5574
1,5575
1,5576
0,5577
0,5578
0,5579
1,5580
1,5581
1,5582
1,5583
1,5584
1,5585
0,5586
1,5587
1,5588
0,5589
1,5590
1,5591
1,5592
1,5593
0,5594
0,5595
0,5596
1,5597
1,5598
0,5599
1,5600
0,5601
0,5602
1,5603
0,5604
1,5605
0,5606
0,5607
1,5608
0,5609
0,5610
0,5611
0,5612
1,5613
1,5614
0,5615
0,5616
1,5617
1,5618
1,5619
1,5620
1,5621
1,5622
0,5623
0,5624
0,5625
0,5626
0,5627
1,5628
0,5629
0,5630
0,5631
0,5632
0,5633
0,5634
0,5635
1,5636
1,5637
0,5638
1,5639
1,5640
1,5641
0,5642
1,5643
1,5644
0,5645
0,5646
0,5647
0,5648
0,5649
0,5650
1,5651
1,5652
0,5653
0,5654
1,5655
1,5656
0,5657
1,5658
1,5659
0,5660
0,5661
1,5662
0,5663
0,5664
1,5665
1,5666
0,5667
1,5668
0,5669
0,5670
0,5671
0,5672
0,5673
0,5674
0,5675
1,5676
1,5677
1,5678
0,5679
0,5680
0,5681
0,5682
1,5683
1,5684
1,5685
1,5686
0,5687
0,5688
0,5689
1,5690
1,5691
0,5692
0,5693
0,5694
0,5695
1,5696
1,5697
0,5698
1,5699
0,5700
0,5701
1,5702
0,5703
1,5704
1,5705
0,5706
1,5707
1,5708
1,5709
0,5710
1,5711
1,5712
1,5713
0,5714
0,5715
0,5716
0,5717
1,5718
0,5719
0,5720
1,5721
0,5722
0,5723
0,5724
0,5725
1,5726
0,5727
0,5728
1,5729
0,5730
1,5731
0,5732
0,5733
0,5734
0,5735
0,5736
0,5737
0,5738
0,5739
1,5740
1,5741
0,5742
1,5743
1,5744
1,5745
1,5746
1,5747
1,5748
1,5749
1,5750
0,5751
1,5752
0,5753
1,5754
1,5755
1,5756
0,5757
0,5758
1,5759
1,5760
1,5761
0,5762
0,5763
1,5764
0,5765
0,5766
1,5767
1,5768
1,5769
0,5770
0,5771
1,5772
1,5773
0,5774
0,5775
0,5776
1,5777
1,5778
0,5779
1,5780
1,5781
0,5782
0,5783
1,5784
1,5785
0,5786
0,5787
0,5788
0,5789
0,5790
0,5791
1,5792
1,5793
0,5794
1,5795
0,5796
1,5797
1,5798
1,5799
0,5800
1,5801
0,5802
1,5803
1,5804
1,5805
0,5806
1,5807
0,5808
1,5809
1,5810
1,5811
1,5812
0,5813
0,5814
0,5815
1,5816
0,5817
1,5818
1,5819
0,5820
0,5821
0,5822
1,5823
1,5824
1,5825
0,5826
1,5827
0,5828
0,5829
0,5830
0,5831
1,5832
0,5833
0,5834
0,5835
1,5836
1,5837
1,5838
1,5839
0,5840
0,5841
0,5842
0,5843
0,5844
0,5845
1,5846
1,5847
0,5848
0,5849
0,5850
1,5851
1,5852
1,5853
1,5854
0,5855
1,5856
1,5857
0,5858
0,5859
0,5860
1,5861
1,5862
0,5863
1,5864
1,5865
0,5866
1,5867
0,5868
0,5869
0,5870
0,5871
0,5872
0,5873
0,5874
0,5875
1,5876
1,5877
0,5878
0,5879
0,5880
1,5881
0,5882
0,5883
0,5884
1,5885
0,5886
1,5887
1,5888
1,5889
0,5890
0,5891
0,5892
1,5893
0,5894
0,5895
0,5896
1,5897
0,5898
1,5899
0,5900
1,5901
1,5902
0,5903
0,5904
1,5905
0,5906
1,5907
1,5908
1,5909
1,5910
0,5911
1,5912
0,5913
1,5914
1,5915
1,5916
1,5917
0,5918
0,5919
1,5920
1,5921
1,5922
1,5923
0,5924
0,5925
0,5926
0,5927
0,5928
0,5929
0,5930
1,5931
0,5932
0,5933
0,5934
0,5935
1,5936
0,5937
1,5938
0,5939
1,5940
0,5941
0,5942
1,5943
1,5944
1,5945
0,5946
0,5947
0,5948
1,5949
1,5950
1,5951
1,5952
0,5953
0,5954
0,5955
0,5956
0,5957
1,5958
0,5959
0,5960
1,5961
0,5962
1,5963
1,5964
0,5965
1,5966
1,5967
1,5968
0,5969
0,5970
1,5971
1,5972
0,5973
0,5974
1,5975
1,5976
1,5977
0,5978
1,5979
0,5980
0,5981
1,5982
1,5983
1,5984
1,5985
1,5986
1,5987
1,5988
0,5989
1,5990
1,5991
1,5992
1,5993
0,5994
0,5995
0,5996
1,5997
0,5998
1,5999
1,6000
1,6001
1,6002
0,6003
1,6004
0,6005
1,6006
1,6007
0,6008
0,6009
0,6010
1,6011
1,6012
1,6013
1,6014
1,6015
1,6016
0,6017
1,6018
1,6019
1,6020
0,6021
1,6022
0,6023
0,6024
0,6025
0,6026
1,6027
0,6028
1,6029
1,6030
0,6031
0,6032
0,6033
1,6034
0,6035
0,6036
1,6037
1,6038
0,6039
1,6040
0,6041
1,6042
1,6043
0,6044
1,6045
0,6046
1,6047
0,6048
1,6049
1,6050
0,6051
0,6052
0,6053
0,6054
1,6055
1,6056
1,6057
1,6058
1,6059
1,6060
1,6061
1,6062
0,6063
1,6064
1,6065
0,6066
1,6067
1,6068
1,6069
1,6070
1,6071
0,6072
0,6073
1,6074
1,6075
1,6076
1,6077
1,6078
1,6079
0,6080
1,6081
1,6082
1,6083
0,6084
0,6085
1,6086
0,6087
1,6088
0,6089
1,6090
1,6091
0,6092
1,6093
0,6094
0,6095
1,6096
0,6097
0,6098
0,6099
0,6100
0,6101
1,6102
0,6103
0,6104
1,6105
1,6106
0,6107
0,6108
0,6109
0,6110
0,6111
0,6112
1,6113
0,6114
0,6115
0,6116
1,6117
0,6118
1,6119
1,6120
1,6121
1,6122
0,6123
0,6124
1,6125
0,6126
0,6127
0,6128
0,6129
1,6130
1,6131
1,6132
0,6133
1,6134
0,6135
0,6136
1,6137
1,6138
1,6139
0,6140
1,6141
0,6142
0,6143
0,6144
0,6145
0,6146
0,6147
0,6148
0,6149
1,6150
0,6151
1,6152
1,6153
0,6154
1,6155
1,6156
1,6157
0,6158
1,6159
1,6160
0,6161
0,6162
0,6163
1,6164
1,6165
0,6166
0,6167
1,6168
1,6169
0,6170
1,6171
0,6172
0,6173
0,6174
1,6175
0,6176
0,6177
0,6178
0,6179
0,6180
1,6181
0,6182
1,6183
1,6184
0,6185
1,6186
0,6187
0,6188
1,6189
1,6190
0,6191
0,6192
0,6193
0,6194
1,6195
0,6196
0,6197
1,6198
1,6199
0,6200
1,6201
0,6202
0,6203
0,6204
1,6205
1,6206
1,6207
1,6208
0,6209
1,6210
0,6211
0,6212
0,6213
0,6214
0,6215
0,6216
0,6217
1,6218
0,6219
1,6220
1,6221
0,6222
1,6223
1,6224
1,6225
0,6226
1,6227
1,6228
0,6229
0,6230
0,6231
0,6232
1,6233
0,6234
1,6235
0,6236
0,6237
0,6238
0,6239
0,6240
1,6241
1,6242
1,6243
1,6244
1,6245
0,6246
1,6247
1,6248
1,6249
0,6250
1,6251
0,6252
0,6253
0,6254
0,6255
0,6256
1,6257
1,6258
0,6259
0,6260
1,6261
0,6262
1,6263
1,6264
1,6265
1,6266
1,6267
1,6268
1,6269
1,6270
1,6271
1,6272
0,6273
0,6274
0,6275
0,6276
1,6277
0,6278
0,6279
0,6280
1,6281
1,6282
1,6283
0,6284
0,6285
0,6286
0,6287
0,6288
0,6289
1,6290
1,6291
1,6292
0,6293
0,6294
1,6295
0,6296
1,6297
0,6298
0,6299
1,6300
0,6301
1,6302
1,6303
0,6304
0,6305
0,6306
0,6307
1,6308
1,6309
1,6310
0,6311
0,6312
0,6313
1,6314
1,6315
0,6316
0,6317
1,6318
1,6319
0,6320
0,6321
0,6322
0,6323
1,6324
1,6325
0,6326
0,6327
0,6328
0,6329
1,6330
0,6331
0,6332
0,6333
1,6334
1,6335
1,6336
0,6337
1,6338
1,6339
0,6340
0,6341
0,6342
1,6343
0,6344
0,6345
1,6346
0,6347
0,6348
0,6349
1,6350
1,6351
1,6352
1,6353
0,6354
0,6355
0,6356
1,6357
0,6358
0,6359
0,6360
0,6361
1,6362
1,6363
0,6364
0,6365
0,6366
0,6367
1,6368
0,6369
1,6370
1,6371
1,6372
0,6373
0,6374
1,6375
0,6376
0,6377
1,6378
1,6379
0,6380
0,6381
0,6382
0,6383
0,6384
0,6385
1,6386
1,6387
1,6388
0,6389
1,6390
1,6391
0,6392
1,6393
0,6394
1,6395
0,6396
0,6397
1,6398
1,6399
1,6400
0,6401
1,6402
1,6403
0,6404
0,6405
1,6406
0,6407
1,6408
1,6409
1,6410
1,6411
1,6412
0,6413
1,6414
0,6415
0,6416
0,6417
0,6418
0,6419
0,6420
0,6421
1,6422
1,6423
1,6424
1,6425
1,6426
0,6427
0,6428
0,6429
1,6430
0,6431
1,6432
0,6433
0,6434
0,6435
0,6436
0,6437
1,6438
1,6439
0,6440
0,6441
0,6442
1,6443
1,6444
0,6445
0,6446
1,6447
1,6448
1,6449
1,6450
0,6451
1,6452
1,6453
0,6454
0,6455
0,6456
0,6457
0,6458
1,6459
1,6460
1,6461
0,6462
0,6463
0,6464
0,6465
1,6466
0,6467
1,6468
0,6469
1,6470
0,6471
0,6472
0,6473
0,6474
0,6475
1,6476
0,6477
1,6478
1,6479
1,6480
0,6481
1,6482
1,6483
0,6484
1,6485
1,6486
1,6487
0,6488
0,6489
1,6490
1,6491
0,6492
0,6493
0,6494
1,6495
1,6496
1,6497
1,6498
0,6499
0,6500
1,6501
0,6502
0,6503
1,6504
0,6505
1,6506
0,6507
0,6508
1,6509
0,6510
1,6511
0,6512
0,6513
1,6514
1,6515
1,6516
1,6517
1,6518
1,6519
0,6520
1,6521
1,6522
1,6523
0,6524
1,6525
0,6526
1,6527
0,6528
1,6529
1,6530
0,6531
1,6532
1,6533
1,6534
1,6535
1,6536
0,6537
1,6538
1,6539
1,6540
1,6541
0,6542
1,6543
0,6544
0,6545
0,6546
1,6547
0,6548
0,6549
0,6550
0,6551
0,6552
1,6553
1,6554
0,6555
1,6556
0,6557
1,6558
1,6559
1,6560
0,6561
1,6562
0,6563
0,6564
1,6565
0,6566
0,6567
1,6568
0,6569
1,6570
1,6571
0,6572
1,6573
0,6574
0,6575
0,6576
1,6577
0,6578
0,6579
0,6580
0,6581
1,6582
1,6583
0,6584
1,6585
1,6586
0,6587
1,6588
1,6589
0,6590
1,6591
1,6592
0,6593
1,6594
0,6595
1,6596
0,6597
1,6598
0,6599
0,6600
1,6601
1,6602
1,6603
1,6604
0,6605
0,6606
1,6607
0,6608
0,6609
1,6610
1,6611
1,6612
0,6613
1,6614
0,6615
1,6616
0,6617
1,6618
0,6619
0,6620
0,6621
0,6622
0,6623
0,6624
0,6625
1,6626
0,6627
0,6628
1,6629
0,6630
0,6631
0,6632
0,6633
0,6634
0,6635
1,6636
0,6637
1,6638
1,6639
1,6640
0,6641
1,6642
0,6643
1,6644
1,6645
0,6646
0,6647
1,6648
0,6649
1,6650
1,6651
1,6652
0,6653
1,6654
0,6655
1,6656
0,6657
1,6658
0,6659
1,6660
0,6661
1,6662
0,6663
1,6664
0,6665
0,6666
1,6667
1,6668
0,6669
1,6670
0,6671
0,6672
1,6673
1,6674
0,6675
1,6676
0,6677
0,6678
0,6679
0,6680
1,6681
0,6682
1,6683
1,6684
1,6685
0,6686
0,6687
0,6688
0,6689
1,6690
0,6691
0,6692
0,6693
0,6694
1,6695
1,6696
1,6697
0,6698
0,6699
1,6700
1,6701
0,6702
1,6703
0,6704
0,6705
1,6706
1,6707
1,6708
1,6709
1,6710
1,6711
1,6712
1,6713
0,6714
1,6715
0,6716
0,6717
1,6718
1,6719
0,6720
1,6721
0,6722
1,6723
1,6724
0,6725
1,6726
0,6727
0,6728
1,6729
0,6730
0,6731
1,6732
1,6733
0,6734
1,6735
0,6736
0,6737
0,6738
1,6739
1,6740
1,6741
1,6742
0,6743
1,6744
1,6745
1,6746
1,6747
1,6748
0,6749
1,6750
1,6751
0,6752
0,6753
1,6754
0,6755
1,6756
0,6757
1,6758
1,6759
1,6760
1,6761
0,6762
1,6763
1,6764
0,6765
0,6766
0,6767
1,6768
0,6769
1,6770
1,6771
0,6772
1,6773
1,6774
1,6775
0,6776
0,6777
0,6778
0,6779
1,6780
1,6781
0,6782
1,6783
0,6784
0,6785
0,6786
1,6787
0,6788
1,6789
0,6790
1,6791
0,6792
0,6793
1,6794
0,6795
0,6796
0,6797
1,6798
0,6799
0,6800
0,6801
1,6802
0,6803
1,6804
0,6805
0,6806
0,6807
0,6808
1,6809
1,6810
1,6811
1,6812
1,6813
0,6814
0,6815
1,6816
1,6817
1,6818
0,6819
1,6820
0,6821
0,6822
1,6823
1,6824
1,6825
0,6826
1,6827
0,6828
0,6829
1,6830
0,6831
0,6832
0,6833
0,6834
1,6835
1,6836
0,6837
0,6838
0,6839
1,6840
1,6841
0,6842
1,6843
0,6844
1,6845
0,6846
0,6847
1,6848
0,6849
0,6850
1,6851
1,6852
1,6853
1,6854
1,6855
0,6856
0,6857
0,6858
0,6859
1,6860
1,6861
1,6862
1,6863
0,6864
1,6865
1,6866
0,6867
1,6868
0,6869
1,6870
0,6871
0,6872
1,6873
1,6874
1,6875
0,6876
0,6877
1,6878
0,6879
1,6880
0,6881
1,6882
0,6883
1,6884
1,6885
0,6886
1,6887
0,6888
0,6889
1,6890
1,6891
1,6892
1,6893
0,6894
1,6895
1,6896
1,6897
0,6898
1,6899
0,6900
0,6901
1,6902
0,6903
1,6904
1,6905
1,6906
1,6907
0,6908
0,6909
0,6910
0,6911
1,6912
0,6913
1,6914
1,6915
0,6916
1,6917
0,6918
0,6919
1,6920
1,6921
0,6922
0,6923
0,6924
1,6925
0,6926
0,6927
1,6928
1,6929
1,6930
0,6931
0,6932
0,6933
1,6934
0,6935
1,6936
1,6937
0,6938
0,6939
1,6940
0,6941
0,6942
0,6943
1,6944
1,6945
1,6946
1,6947
0,6948
0,6949
1,6950
1,6951
0,6952
0,6953
0,6954
0,6955
0,6956
0,6957
1,6958
0,6959
0,6960
0,6961
0,6962
0,6963
1,6964
0,6965
1,6966
0,6967
1,6968
0,6969
0,6970
1,6971
1,6972
0,6973
0,6974
0,6975
1,6976
0,6977
0,6978
0,6979
1,6980
0,6981
1,6982
1,6983
0,6984
1,6985
1,6986
1,6987
0,6988
0,6989
1,6990
1,6991
0,6992
1,6993
0,6994
1,6995
0,6996
1,6997
0,6998
0,6999
0,7000
0,7001
0,7002
0,7003
1,7004
0,7005
0,7006
0,7007
1,7008
0,7009
1,7010
1,7011
0,7012
1,7013
0,7014
1,7015
0,7016
0,7017
1,7018
1,7019
0,7020
0,7021
0,7022
0,7023
1,7024
0,7025
0,7026
0,7027
0,7028
1,7029
0,7030
1,7031
1,7032
0,7033
0,7034
0,7035
0,7036
1,7037
1,7038
1,7039
1,7040
1,7041
0,7042
1,7043
0,7044
1,7045
1,7046
1,7047
1,7048
1,7049
1,7050
1,7051
0,7052
0,7053
0,7054
0,7055
0,7056
0,7057
0,7058
1,7059
0,7060
1,7061
1,7062
1,7063
0,7064
1,7065
0,7066
1,7067
0,7068
0,7069
0,7070
1,7071
1,7072
1,7073
0,7074
1,7075
0,7076
1,7077
0,7078
1,7079
1,7080
0,7081
0,7082
0,7083
1,7084
0,7085
1,7086
0,7087
0,7088
0,7089
0,7090
1,7091
0,7092
0,7093
0,7094
1,7095
1,7096
1,7097
1,7098
0,7099
1,7100
0,7101
0,7102
0,7103
0,7104
0,7105
1,7106
0,7107
0,7108
0,7109
1,7110
1,7111
0,7112
1,7113
0,7114
1,7115
0,7116
0,7117
1,7118
1,7119
0,7120
1,7121
0,7122
1,7123
0,7124
0,7125
1,7126
1,7127
1,7128
1,7129
0,7130
0,7131
1,7132
0,7133
0,7134
1,7135
1,7136
0,7137
1,7138
0,7139
0,7140
1,7141
0,7142
1,7143
0,7144
1,7145
0,7146
0,7147
0,7148
1,7149
1,7150
1,7151
0,7152
1,7153
1,7154
0,7155
1,7156
0,7157
1,7158
1,7159
0,7160
0,7161
0,7162
1,7163
0,7164
1,7165
1,7166
0,7167
0,7168
1,7169
0,7170
1,7171
0,7172
0,7173
1,7174
0,7175
0,7176
1,7177
1,7178
0,7179
1,7180
1,7181
0,7182
0,7183
1,7184
1,7185
1,7186
1,7187
1,7188
0,7189
1,7190
0,7191
1,7192
0,7193
0,7194
0,7195
1,7196
0,7197
1,7198
1,7199
1,7200
1,7201
1,7202
0,7203
1,7204
0,7205
0,7206
0,7207
0,7208
0,7209
1,7210
1,7211
0,7212
0,7213
1,7214
1,7215
0,7216
0,7217
0,7218
0,7219
0,7220
1,7221
0,7222
0,7223
0,7224
1,7225
0,7226
1,7227
0,7228
1,7229
1,7230
1,7231
0,7232
0,7233
1,7234
1,7235
1,7236
0,7237
0,7238
1,7239
0,7240
1,7241
1,7242
0,7243
1,7244
1,7245
1,7246
1,7247
1,7248
0,7249
0,7250
1,7251
1,7252
0,7253
0,7254
0,7255
0,7256
0,7257
0,7258
1,7259
1,7260
0,7261
1,7262
1,7263
1,7264
1,7265
1,7266
1,7267
0,7268
1,7269
1,7270
0,7271
0,7272
0,7273
0,7274
1,7275
1,7276
0,7277
1,7278
1,7279
1,7280
1,7281
0,7282
1,7283
0,7284
0,7285
0,7286
1,7287
0,7288
1,7289
1,7290
1,7291
1,7292
0,7293
1,7294
1,7295
1,7296
0,7297
1,7298
0,7299
0,7300
0,7301
0,7302
1,7303
1,7304
1,7305
1,7306
0,7307
1,7308
1,7309
0,7310
0,7311
1,7312
0,7313
1,7314
0,7315
0,7316
1,7317
0,7318
0,7319
1,7320
0,7321
0,7322
0,7323
1,7324
1,7325
1,7326
1,7327
1,7328
1,7329
1,7330
0,7331
0,7332
0,7333
1,7334
0,7335
1,7336
1,7337
1,7338
0,7339
0,7340
0,7341
0,7342
0,7343
0,7344
1,7345
0,7346
0,7347
0,7348
1,7349
0,7350
1,7351
1,7352
1,7353
1,7354
1,7355
1,7356
1,7357
0,7358
1,7359
1,7360
0,7361
0,7362
0,7363
1,7364
1,7365
1,7366
1,7367
1,7368
1,7369
1,7370
1,7371
0,7372
0,7373
1,7374
1,7375
1,7376
1,7377
0,7378
0,7379
1,7380
1,7381
1,7382
0,7383
0,7384
0,7385
0,7386
0,7387
0,7388
1,7389
0,7390
1,7391
1,7392
0,7393
0,7394
1,7395
1,7396
1,7397
1,7398
0,7399
1,7400
1,7401
0,7402
0,7403
0,7404
0,7405
0,7406
1,7407
1,7408
1,7409
1,7410
1,7411
0,7412
0,7413
1,7414
0,7415
1,7416
0,7417
1,7418
0,7419
1,7420
1,7421
0,7422
0,7423
0,7424
0,7425
0,7426
1,7427
1,7428
1,7429
1,7430
1,7431
0,7432
0,7433
0,7434
1,7435
1,7436
0,7437
1,7438
0,7439
1,7440
1,7441
0,7442
0,7443
1,7444
0,7445
0,7446
1,7447
1,7448
0,7449
1,7450
1,7451
0,7452
1,7453
1,7454
0,7455
1,7456
0,7457
0,7458
1,7459
0,7460
1,7461
0,7462
0,7463
1,7464
0,7465
1,7466
0,7467
0,7468
1,7469
1,7470
0,7471
0,7472
0,7473
1,7474
0,7475
1,7476
1,7477
0,7478
0,7479
0,7480
1,7481
0,7482
0,7483
0,7484
1,7485
1,7486
0,7487
1,7488
0,7489
0,7490
0,7491
0,7492
0,7493
0,7494
0,7495
0,7496
1,7497
1,7498
1,7499
1,7500
0,7501
0,7502
0,7503
1,7504
0,7505
0,7506
0,7507
1,7508
0,7509
1,7510
0,7511
0,7512
1,7513
1,7514
0,7515
0,7516
0,7517
1,7518
0,7519
0,7520
1,7521
0,7522
0,7523
1,7524
1,7525
0,7526
1,7527
0,7528
0,7529
1,7530
1,7531
1,7532
1,7533
1,7534
1,7535
1,7536
1,7537
0,7538
0,7539
0,7540
1,7541
1,7542
0,7543
0,7544
0,7545
0,7546
0,7547
1,7548
0,7549
0,7550
0,7551
1,7552
1,7553
0,7554
0,7555
0,7556
1,7557
0,7558
0,7559
1,7560
1,7561
1,7562
0,7563
1,7564
1,7565
1,7566
0,7567
0,7568
0,7569
1,7570
0,7571
0,7572
0,7573
1,7574
0,7575
1,7576
1,7577
0,7578
0,7579
1,7580
0,7581
1,7582
1,7583
0,7584
0,7585
1,7586
1,7587
1,7588
1,7589
1,7590
1,7591
0,7592
1,7593
0,7594
1,7595
1,7596
0,7597
1,7598
1,7599
1,7600
0,7601
0,7602
0,7603
1,7604
0,7605
1,7606
0,7607
1,7608
1,7609
1,7610
0,7611
1,7612
1,7613
1,7614
1,7615
0,7616
1,7617
1,7618
1,7619
0,7620
1,7621
1,7622
0,7623
0,7624
0,7625
1,7626
1,7627
1,7628
1,7629
1,7630
0,7631
0,7632
1,7633
0,7634
0,7635
1,7636
0,7637
1,7638
0,7639
0,7640
1,7641
1,7642
1,7643
1,7644
1,7645
1,7646
1,7647
0,7648
1,7649
1,7650
0,7651
1,7652
0,7653
1,7654
0,7655
1,7656
1,7657
0,7658
1,7659
0,7660
1,7661
0,7662
1,7663
0,7664
0,7665
1,7666
1,7667
1,7668
0,7669
0,7670
0,7671
1,7672
1,7673
0,7674
1,7675
0,7676
1,7677
0,7678
1,7679
0,7680
0,7681
0,7682
0,7683
0,7684
1,7685
0,7686
0,7687
0,7688
1,7689
0,7690
1,7691
0,7692
0,7693
1,7694
0,7695
0,7696
0,7697
1,7698
1,7699
0,7700
0,7701
0,7702
0,7703
1,7704
1,7705
1,7706
0,7707
0,7708
0,7709
1,7710
1,7711
0,7712
0,7713
0,7714
0,7715
0,7716
1,7717
1,7718
1,7719
0,7720
0,7721
1,7722
0,7723
1,7724
0,7725
0,7726
0,7727
1,7728
0,7729
1,7730
0,7731
1,7732
0,7733
1,7734
1,7735
1,7736
1,7737
1,7738
0,7739
0,7740
0,7741
1,7742
0,7743
1,7744
0,7745
1,7746
0,7747
1,7748
0,7749
0,7750
1,7751
1,7752
0,7753
1,7754
1,7755
0,7756
0,7757
1,7758
0,7759
0,7760
1,7761
1,7762
1,7763
0,7764
0,7765
1,7766
0,7767
0,7768
1,7769
0,7770
0,7771
1,7772
0,7773
0,7774
0,7775
1,7776
0,7777
0,7778
0,7779
0,7780
0,7781
0,7782
1,7783
0,7784
1,7785
0,7786
1,7787
1,7788
1,7789
1,7790
0,7791
0,7792
1,7793
0,7794
1,7795
0,7796
0,7797
1,7798
0,7799
0,7800
0,7801
0,7802
0,7803
1,7804
0,7805
0,7806
1,7807
0,7808
1,7809
0,7810
1,7811
1,7812
1,7813
1,7814
0,7815
1,7816
0,7817
0,7818
1,7819
1,7820
1,7821
1,7822
0,7823
0,7824
1,7825
0,7826
1,7827
0,7828
0,7829
1,7830
0,7831
1,7832
0,7833
0,7834
1,7835
0,7836
1,7837
0,7838
0,7839
1,7840
1,7841
0,7842
1,7843
0,7844
1,7845
1,7846
0,7847
0,7848
0,7849
1,7850
0,7851
1,7852
1,7853
1,7854
0,7855
0,7856
1,7857
0,7858
1,7859
0,7860
0,7861
0,7862
1,7863
0,7864
0,7865
1,7866
1,7867
0,7868
1,7869
1,7870
0,7871
0,7872
0,7873
1,7874
1,7875
1,7876
1,7877
1,7878
1,7879
1,7880
0,7881
1,7882
1,7883
1,7884
0,7885
1,7886
0,7887
1,7888
0,7889
0,7890
1,7891
1,7892
1,7893
1,7894
1,7895
0,7896
0,7897
0,7898
0,7899
0,7900
0,7901
1,7902
0,7903
0,7904
1,7905
0,7906
0,7907
1,7908
0,7909
0,7910
1,7911
1,7912
1,7913
0,7914
1,7915
0,7916
0,7917
1,7918
0,7919
0,7920
0,7921
0,7922
1,7923
1,7924
1,7925
0,7926
1,7927
1,7928
0,7929
1,7930
1,7931
1,7932
0,7933
1,7934
1,7935
1,7936
0,7937
1,7938
1,7939
1,7940
1,7941
0,7942
1,7943
0,7944
1,7945
1,7946
0,7947
1,7948
1,7949
1,7950
0,7951
1,7952
0,7953
1,7954
1,7955
1,7956
1,7957
0,7958
0,7959
1,7960
0,7961
0,7962
1,7963
1,7964
1,7965
0,7966
1,7967
1,7968
1,7969
0,7970
0,7971
0,7972
1,7973
0,7974
0,7975
1,7976
0,7977
0,7978
1,7979
1,7980
1,7981
0,7982
0,7983
1,7984
1,7985
0,7986
1,7987
0,7988
1,7989
1,7990
1,7991
0,7992
0,7993
1,7994
0,7995
0,7996
1,7997
1,7998
1,7999
1,8000
1,8001
1,8002
1,8003
1,8004
0,8005
1,8006
1,8007
0,8008
0,8009
1,8010
1,8011
1,8012
0,8013
1,8014
1,8015
0,8016
1,8017
0,8018
0,8019
1,8020
0,8021
0,8022
1,8023
0,8024
0,8025
1,8026
1,8027
1,8028
0,8029
0,8030
0,8031
1,8032
1,8033
1,8034
0,8035
0,8036
0,8037
1,8038
1,8039
0,8040
1,8041
0,8042
1,8043
1,8044
0,8045
1,8046
0,8047
0,8048
1,8049
0,8050
1,8051
1,8052
1,8053
1,8054
1,8055
1,8056
0,8057
1,8058
0,8059
1,8060
1,8061
0,8062
1,8063
1,8064
1,8065
1,8066
1,8067
0,8068
1,8069
1,8070
0,8071
0,8072
0,8073
1,8074
0,8075
0,8076
0,8077
0,8078
1,8079
0,8080
0,8081
1,8082
1,8083
1,8084
1,8085
1,8086
1,8087
1,8088
1,8089
0,8090
0,8091
1,8092
0,8093
1,8094
0,8095
1,8096
1,8097
0,8098
0,8099
0,8100
1,8101
1,8102
1,8103
1,8104
1,8105
1,8106
1,8107
0,8108
0,8109
1,8110
1,8111
0,8112
1,8113
0,8114
0,8115
0,8116
1,8117
0,8118
1,8119
1,8120
1,8121
1,8122
1,8123
0,8124
0,8125
1,8126
1,8127
1,8128
0,8129
0,8130
1,8131
1,8132
0,8133
0,8134
0,8135
0,8136
1,8137
0,8138
1,8139
0,8140
1,8141
0,8142
1,8143
1,8144
0,8145
1,8146
0,8147
1,8148
1,8149
0,8150
1,8151
0,8152
1,8153
0,8154
1,8155
0,8156
1,8157
0,8158
0,8159
1,8160
0,8161
1,8162
0,8163
0,8164
0,8165
1,8166
0,8167
1,8168
1,8169
0,8170
1,8171
1,8172
1,8173
1,8174
0,8175
1,8176
0,8177
1,8178
0,8179
1,8180
1,8181
0,8182
1,8183
1,8184
0,8185
1,8186
0,8187
1,8188
0,8189
0,8190
1,8191
0,8192
0,8193
1,8194
0,8195
0,8196
1,8197
1,8198
1,8199
0,8200
0,8201
0,8202
0,8203
1,8204
0,8205
1,8206
0,8207
0,8208
0,8209
0,8210
0,8211
0,8212
1,8213
0,8214
1,8215
0,8216
1,8217
0,8218
1,8219
1,8220
0,8221
0,8222
0,8223
0,8224
1,8225
0,8226
1,8227
1,8228
1,8229
1,8230
1,8231
1,8232
1,8233
0,8234
1,8235
1,8236
0,8237
0,8238
0,8239
1,8240
0,8241
1,8242
0,8243
0,8244
1,8245
0,8246
1,8247
1,8248
0,8249
1,8250
1,8251
1,8252
1,8253
1,8254
1,8255
1,8256
1,8257
0,8258
0,8259
0,8260
1,8261
0,8262
1,8263
0,8264
1,8265
0,8266
0,8267
1,8268
1,8269
1,8270
0,8271
0,8272
0,8273
0,8274
1,8275
1,8276
0,8277
1,8278
1,8279
0,8280
0,8281
0,8282
1,8283
0,8284
0,8285
0,8286
0,8287
1,8288
0,8289
0,8290
1,8291
1,8292
1,8293
0,8294
0,8295
1,8296
1,8297
1,8298
1,8299
0,8300
0,8301
1,8302
0,8303
1,8304
1,8305
0,8306
1,8307
0,8308
1,8309
0,8310
1,8311
0,8312
0,8313
1,8314
0,8315
1,8316
1,8317
0,8318
1,8319
1,8320
1,8321
0,8322
0,8323
1,8324
1,8325
1,8326
0,8327
0,8328
1,8329
1,8330
0,8331
0,8332
1,8333
0,8334
1,8335
0,8336
1,8337
0,8338
1,8339
1,8340
0,8341
1,8342
0,8343
1,8344
0,8345
0,8346
0,8347
1,8348
1,8349
1,8350
1,8351
1,8352
0,8353
1,8354
1,8355
1,8356
0,8357
1,8358
0,8359
1,8360
1,8361
0,8362
0,8363
0,8364
0,8365
1,8366
0,8367
1,8368
1,8369
1,8370
1,8371
0,8372
1,8373
1,8374
1,8375
0,8376
0,8377
1,8378
0,8379
0,8380
1,8381
1,8382
0,8383
0,8384
0,8385
0,8386
0,8387
0,8388
1,8389
1,8390
1,8391
0,8392
0,8393
1,8394
0,8395
0,8396
0,8397
1,8398
1,8399
1,8400
0,8401
0,8402
0,8403
0,8404
0,8405
1,8406
0,8407
1,8408
1,8409
0,8410
0,8411
0,8412
0,8413
0,8414
1,8415
1,8416
1,8417
0,8418
1,8419
1,8420
0,8421
0,8422
0,8423
0,8424
1,8425
1,8426
0,8427
0,8428
0,8429
0,8430
0,8431
0,8432
1,8433
0,8434
1,8435
0,8436
1,8437
0,8438
0,8439
0,8440
1,8441
1,8442
0,8443
1,8444
1,8445
1,8446
0,8447
0,8448
0,8449
0,8450
1,8451
0,8452
0,8453
1,8454
0,8455
0,8456
0,8457
1,8458
0,8459
1,8460
0,8461
0,8462
0,8463
1,8464
0,8465
1,8466
1,8467
1,8468
1,8469
1,8470
0,8471
0,8472
1,8473
1,8474
1,8475
1,8476
1,8477
0,8478
1,8479
1,8480
0,8481
0,8482
0,8483
1,8484
1,8485
0,8486
1,8487
1,8488
0,8489
1,8490
1,8491
1,8492
0,8493
0,8494
0,8495
0,8496
1,8497
1,8498
1,8499
1,8500
1,8501
1,8502
1,8503
1,8504
0,8505
0,8506
1,8507
1,8508
1,8509
0,8510
0,8511
0,8512
0,8513
1,8514
0,8515
1,8516
1,8517
0,8518
1,8519
1,8520
1,8521
1,8522
0,8523
0,8524
0,8525
1,8526
1,8527
1,8528
0,8529
0,8530
0,8531
1,8532
0,8533
1,8534
1,8535
1,8536
1,8537
0,8538
0,8539
1,8540
1,8541
0,8542
1,8543
1,8544
0,8545
1,8546
0,8547
1,8548
1,8549
1,8550
1,8551
0,8552
1,8553
0,8554
0,8555
0,8556
0,8557
0,8558
0,8559
1,8560
0,8561
1,8562
1,8563
1,8564
1,8565
0,8566
0,8567
0,8568
1,8569
0,8570
0,8571
1,8572
0,8573
0,8574
0,8575
0,8576
0,8577
0,8578
0,8579
0,8580
0,8581
1,8582
0,8583
0,8584
1,8585
1,8586
0,8587
0,8588
1,8589
0,8590
0,8591
1,8592
1,8593
1,8594
1,8595
1,8596
0,8597
0,8598
0,8599
1,8600
1,8601
0,8602
1,8603
1,8604
0,8605
1,8606
1,8607
1,8608
0,8609
0,8610
0,8611
1,8612
0,8613
1,8614
0,8615
1,8616
1,8617
0,8618
0,8619
0,8620
0,8621
0,8622
1,8623
1,8624
1,8625
0,8626
0,8627
1,8628
1,8629
0,8630
0,8631
1,8632
0,8633
0,8634
0,8635
1,8636
0,8637
1,8638
1,8639
0,8640
0,8641
0,8642
0,8643
0,8644
1,8645
1,8646
1,8647
0,8648
0,8649
1,8650
1,8651
0,8652
1,8653
1,8654
0,8655
1,8656
1,8657
1,8658
1,8659
1,8660
0,8661
0,8662
0,8663
0,8664
0,8665
1,8666
1,8667
1,8668
1,8669
0,8670
0,8671
1,8672
1,8673
1,8674
0,8675
0,8676
1,8677
0,8678
1,8679
1,8680
0,8681
1,8682
0,8683
0,8684
0,8685
0,8686
0,8687
0,8688
1,8689
0,8690
1,8691
1,8692
1,8693
0,8694
0,8695
1,8696
0,8697
1,8698
1,8699
1,8700
1,8701
1,8702
0,8703
0,8704
1,8705
1,8706
0,8707
1,8708
1,8709
0,8710
0,8711
0,8712
1,8713
0,8714
0,8715
1,8716
0,8717
0,8718
1,8719
1,8720
1,8721
0,8722
1,8723
1,8724
1,8725
0,8726
1,8727
0,8728
0,8729
0,8730
0,8731
0,8732
0,8733
0,8734
1,8735
0,8736
0,8737
0,8738
1,8739
1,8740
0,8741
1,8742
0,8743
0,8744
1,8745
0,8746
0,8747
1,8748
0,8749
0,8750
0,8751
0,8752
0,8753
0,8754
0,8755
1,8756
0,8757
0,8758
1,8759
0,8760
1,8761
0,8762
1,8763
1,8764
0,8765
1,8766
1,8767
0,8768
0,8769
0,8770
1,8771
0,8772
1,8773
1,8774
0,8775
1,8776
0,8777
1,8778
1,8779
1,8780
1,8781
1,8782
1,8783
1,8784
1,8785
1,8786
1,8787
0,8788
0,8789
0,8790
1,8791
1,8792
0,8793
0,8794
1,8795
1,8796
0,8797
1,8798
1,8799
0,8800
0,8801
1,8802
1,8803
0,8804
1,8805
1,8806
1,8807
0,8808
1,8809
0,8810
1,8811
0,8812
1,8813
1,8814
0,8815
1,8816
1,8817
0,8818
1,8819
0,8820
0,8821
1,8822
0,8823
1,8824
1,8825
1,8826
0,8827
1,8828
1,8829
0,8830
1,8831
0,8832
0,8833
1,8834
0,8835
1,8836
1,8837
1,8838
1,8839
1,8840
0,8841
0,8842
1,8843
0,8844
0,8845
0,8846
1,8847
0,8848
0,8849
0,8850
0,8851
0,8852
1,8853
1,8854
1,8855
1,8856
0,8857
0,8858
1,8859
1,8860
0,8861
1,8862
0,8863
0,8864
1,8865
0,8866
1,8867
1,8868
1,8869
0,8870
1,8871
0,8872
1,8873
0,8874
0,8875
1,8876
1,8877
1,8878
0,8879
0,8880
1,8881
0,8882
0,8883
1,8884
0,8885
1,8886
0,8887
1,8888
0,8889
0,8890
0,8891
0,8892
1,8893
1,8894
0,8895
0,8896
1,8897
0,8898
1,8899
1,8900
0,8901
1,8902
1,8903
0,8904
0,8905
1,8906
0,8907
0,8908
1,8909
1,8910
0,8911
1,8912
1,8913
1,8914
0,8915
1,8916
0,8917
1,8918
1,8919
1,8920
0,8921
1,8922
0,8923
1,8924
0,8925
0,8926
0,8927
0,8928
1,8929
1,8930
1,8931
0,8932
1,8933
1,8934
1,8935
1,8936
1,8937
0,8938
1,8939
1,8940
0,8941
1,8942
0,8943
1,8944
0,8945
0,8946
0,8947
0,8948
1,8949
0,8950
0,8951
1,8952
0,8953
1,8954
1,8955
0,8956
0,8957
1,8958
1,8959
1,8960
0,8961
1,8962
1,8963
1,8964
0,8965
1,8966
1,8967
1,8968
1,8969
0,8970
1,8971
1,8972
0,8973
1,8974
0,8975
1,8976
0,8977
1,8978
0,8979
1,8980
1,8981
1,8982
0,8983
1,8984
1,8985
1,8986
1,8987
0,8988
0,8989
1,8990
0,8991
0,8992
0,8993
1,8994
0,8995
1,8996
0,8997
1,8998
0,8999
0,9000
0,9001
1,9002
1,9003
0,9004
1,9005
1,9006
0,9007
0,9008
0,9009
1,9010
1,9011
1,9012
1,9013
0,9014
1,9015
0,9016
0,9017
0,9018
1,9019
1,9020
0,9021
0,9022
1,9023
0,9024
0,9025
0,9026
1,9027
1,9028
0,9029
1,9030
1,9031
0,9032
0,9033
1,9034
0,9035
0,9036
1,9037
1,9038
1,9039
1,9040
1,9041
0,9042
0,9043
0,9044
0,9045
1,9046
1,9047
1,9048
1,9049
0,9050
1,9051
0,9052
0,9053
1,9054
1,9055
1,9056
0,9057
0,9058
1,9059
0,9060
1,9061
0,9062
1,9063
1,9064
1,9065
0,9066
1,9067
0,9068
1,9069
0,9070
1,9071
1,9072
0,9073
0,9074
1,9075
1,9076
1,9077
1,9078
0,9079
0,9080
0,9081
1,9082
0,9083
1,9084
1,9085
1,9086
0,9087
1,9088
0,9089
1,9090
0,9091
0,9092
0,9093
1,9094
1,9095
0,9096
0,9097
1,9098
1,9099
1,9100
0,9101
1,9102
0,9103
1,9104
0,9105
0,9106
0,9107
1,9108
0,9109
0,9110
1,9111
1,9112
1,9113
1,9114
0,9115
1,9116
0,9117
0,9118
0,9119
0,9120
1,9121
0,9122
0,9123
0,9124
1,9125
1,9126
0,9127
0,9128
0,9129
0,9130
0,9131
0,9132
1,9133
1,9134
0,9135
1,9136
1,9137
1,9138
0,9139
0,9140
0,9141
0,9142
0,9143
1,9144
1,9145
1,9146
0,9147
1,9148
0,9149
0,9150
0,9151
1,9152
1,9153
0,9154
0,9155
0,9156
0,9157
0,9158
0,9159
0,9160
0,9161
1,9162
0,9163
0,9164
0,9165
0,9166
0,9167
1,9168
0,9169
0,9170
0,9171
0,9172
1,9173
0,9174
1,9175
1,9176
0,9177
0,9178
0,9179
1,9180
1,9181
1,9182
1,9183
1,9184
0,9185
0,9186
1,9187
0,9188
1,9189
0,9190
1,9191
1,9192
0,9193
0,9194
0,9195
0,9196
1,9197
1,9198
1,9199
1,9200
0,9201
1,9202
1,9203
1,9204
1,9205
1,9206
0,9207
1,9208
1,9209
1,9210
0,9211
0,9212
1,9213
1,9214
0,9215
1,9216
1,9217
0,9218
1,9219
1,9220
1,9221
1,9222
1,9223
1,9224
0,9225
0,9226
1,9227
0,9228
0,9229
0,9230
0,9231
0,9232
0,9233
0,9234
0,9235
1,9236
0,9237
0,9238
0,9239
0,9240
0,9241
0,9242
0,9243
1,9244
1,9245
1,9246
1,9247
0,9248
0,9249
0,9250
1,9251
1,9252
1,9253
0,9254
0,9255
0,9256
0,9257
0,9258
1,9259
0,9260
0,9261
0,9262
0,9263
1,9264
0,9265
0,9266
1,9267
0,9268
0,9269
1,9270
0,9271
0,9272
1,9273
1,9274
1,9275
1,9276
0,9277
1,9278
1,9279
0,9280
0,9281
1,9282
0,9283
0,9284
0,9285
0,9286
1,9287
1,9288
0,9289
1,9290
1,9291
0,9292
0,9293
1,9294
1,9295
1,9296
0,9297
0,9298
0,9299
0,9300
0,9301
0,9302
1,9303
0,9304
0,9305
1,9306
0,9307
0,9308
0,9309
0,9310
0,9311
0,9312
0,9313
0,9314
0,9315
0,9316
1,9317
1,9318
1,9319
1,9320
0,9321
0,9322
0,9323
0,9324
0,9325
1,9326
0,9327
1,9328
1,9329
0,9330
1,9331
1,9332
1,9333
1,9334
0,9335
0,9336
1,9337
0,9338
0,9339
1,9340
1,9341
0,9342
0,9343
0,9344
1,9345
1,9346
1,9347
1,9348
0,9349
0,9350
1,9351
1,9352
0,9353
0,9354
1,9355
0,9356
0,9357
0,9358
1,9359
0,9360
0,9361
1,9362
0,9363
0,9364
0,9365
1,9366
0,9367
1,9368
1,9369
1,9370
1,9371
1,9372
0,9373
1,9374
1,9375
0,9376
0,9377
1,9378
0,9379
1,9380
1,9381
0,9382
0,9383
1,9384
0,9385
1,9386
1,9387
1,9388
1,9389
0,9390
1,9391
0,9392
1,9393
1,9394
0,9395
0,9396
0,9397
0,9398
1,9399
1,9400
0,9401
0,9402
1,9403
1,9404
1,9405
1,9406
1,9407
1,9408
0,9409
0,9410
1,9411
0,9412
0,9413
1,9414
0,9415
1,9416
1,9417
0,9418
0,9419
0,9420
0,9421
0,9422
1,9423
1,9424
0,9425
0,9426
1,9427
1,9428
0,9429
1,9430
1,9431
1,9432
0,9433
0,9434
1,9435
0,9436
0,9437
0,9438
1,9439
0,9440
1,9441
0,9442
0,9443
1,9444
0,9445
0,9446
0,9447
1,9448
1,9449
0,9450
1,9451
0,9452
1,9453
0,9454
1,9455
0,9456
0,9457
0,9458
0,9459
0,9460
0,9461
1,9462
1,9463
0,9464
0,9465
0,9466
1,9467
1,9468
1,9469
0,9470
0,9471
1,9472
0,9473
1,9474
1,9475
0,9476
1,9477
0,9478
0,9479
1,9480
0,9481
0,9482
1,9483
0,9484
0,9485
1,9486
0,9487
0,9488
1,9489
0,9490
0,9491
0,9492
0,9493
0,9494
1,9495
0,9496
1,9497
1,9498
0,9499
0,9500
1,9501
1,9502
1,9503
1,9504
1,9505
0,9506
0,9507
1,9508
1,9509
1,9510
1,9511
0,9512
1,9513
1,9514
1,9515
1,9516
1,9517
1,9518
0,9519
1,9520
0,9521
1,9522
0,9523
0,9524
1,9525
0,9526
0,9527
1,9528
0,9529
1,9530
0,9531
1,9532
0,9533
1,9534
1,9535
0,9536
1,9537
0,9538
1,9539
0,9540
0,9541
1,9542
0,9543
0,9544
1,9545
0,9546
1,9547
0,9548
0,9549
1,9550
0,9551
0,9552
0,9553
0,9554
0,9555
1,9556
1,9557
1,9558
1,9559
1,9560
0,9561
1,9562
0,9563
0,9564
0,9565
1,9566
0,9567
1,9568
0,9569
1,9570
0,9571
1,9572
1,9573
0,9574
0,9575
0,9576
1,9577
0,9578
0,9579
1,9580
0,9581
0,9582
0,9583
0,9584
0,9585
1,9586
0,9587
1,9588
0,9589
0,9590
0,9591
1,9592
1,9593
1,9594
1,9595
1,9596
0,9597
1,9598
1,9599
0,9600
0,9601
0,9602
0,9603
1,9604
0,9605
0,9606
1,9607
0,9608
0,9609
0,9610
1,9611
0,9612
0,9613
0,9614
0,9615
1,9616
0,9617
1,9618
1,9619
0,9620
1,9621
0,9622
1,9623
0,9624
0,9625
0,9626
1,9627
1,9628
1,9629
0,9630
1,9631
1,9632
0,9633
1,9634
0,9635
0,9636
0,9637
1,9638
1,9639
0,9640
1,9641
0,9642
0,9643
1,9644
0,9645
1,9646
1,9647
0,9648
1,9649
0,9650
0,9651
0,9652
0,9653
1,9654
1,9655
1,9656
0,9657
1,9658
1,9659
1,9660
1,9661
0,9662
0,9663
1,9664
0,9665
0,9666
1,9667
1,9668
1,9669
1,9670
0,9671
1,9672
0,9673
0,9674
1,9675
1,9676
0,9677
1,9678
0,9679
1,9680
1,9681
1,9682
0,9683
0,9684
1,9685
0,9686
0,9687
1,9688
0,9689
1,9690
0,9691
0,9692
0,9693
1,9694
1,9695
0,9696
1,9697
0,9698
0,9699
1,9700
1,9701
1,9702
1,9703
1,9704
0,9705
1,9706
0,9707
1,9708
1,9709
0,9710
0,9711
0,9712
1,9713
0,9714
1,9715
1,9716
0,9717
1,9718
0,9719
0,9720
0,9721
0,9722
0,9723
0,9724
0,9725
0,9726
1,9727
0,9728
0,9729
0,9730
1,9731
0,9732
1,9733
0,9734
0,9735
1,9736
0,9737
0,9738
1,9739
0,9740
1,9741
1,9742
1,9743
0,9744
0,9745
1,9746
0,9747
1,9748
0,9749
0,9750
1,9751
0,9752
1,9753
0,9754
1,9755
1,9756
0,9757
0,9758
1,9759
1,9760
1,9761
0,9762
1,9763
1,9764
0,9765
1,9766
0,9767
0,9768
0,9769
0,9770
1,9771
1,9772
1,9773
1,9774
0,9775
0,9776
1,9777
0,9778
0,9779
1,9780
1,9781
0,9782
0,9783
1,9784
1,9785
1,9786
0,9787
1,9788
0,9789
0,9790
0,9791
1,9792
1,9793
0,9794
1,9795
1,9796
0,9797
1,9798
1,9799
0,9800
1,9801
1,9802
1,9803
0,9804
0,9805
1,9806
0,9807
1,9808
0,9809
1,9810
0,9811
0,9812
1,9813
1,9814
0,9815
1,9816
0,9817
0,9818
1,9819
0,9820
1,9821
1,9822
0,9823
1,9824
1,9825
1,9826
1,9827
0,9828
0,9829
1,9830
0,9831
0,9832
0,9833
0,9834
0,9835
1,9836
1,9837
1,9838
0,9839
0,9840
1,9841
1,9842
1,9843
0,9844
0,9845
1,9846
1,9847
1,9848
0,9849
0,9850
0,9851
1,9852
1,9853
1,9854
0,9855
1,9856
0,9857
1,9858
1,9859
0,9860
1,9861
0,9862
0,9863
0,9864
0,9865
1,9866
0,9867
1,9868
1,9869
0,9870
1,9871
1,9872
1,9873
1,9874
0,9875
0,9876
0,9877
1,9878
0,9879
0,9880
1,9881
0,9882
1,9883
1,9884
1,9885
1,9886
1,9887
0,9888
0,9889
0,9890
1,9891
0,9892
0,9893
0,9894
1,9895
0,9896
0,9897
0,9898
0,9899
0,9900
0,9901
0,9902
0,9903
1,9904
1,9905
0,9906
1,9907
1,9908
1,9909
1,9910
0,9911
1,9912
1,9913
1,9914
0,9915
1,9916
0,9917
0,9918
1,9919
0,9920
1,9921
0,9922
1,9923
0,9924
1,9925
0,9926
0,9927
0,9928
1,9929
0,9930
1,9931
0,9932
1,9933
1,9934
0,9935
0,9936
1,9937
1,9938
1,9939
0,9940
1,9941
0,9942
0,9943
0,9944
0,9945
0,9946
0,9947
1,9948
0,9949
0,9950
0,9951
1,9952
1,9953
0,9954
1,9955
0,9956
0,9957
1,9958
1,9959
1,9960
1,9961
0,9962
1,9963
1,9964
0,9965
0,9966
1,9967
0,9968
0,9969
0,9970
0,9971
1,9972
0,9973
0,9974
0,9975
0,9976
0,9977
1,9978
1,9979
1,9980
0,9981
0,9982
1,9983
0,9984
0,9985
0,9986
0,9987
0,9988
1,9989
0,9990
0,9991
1,9992
0,9993
0,9994
1,9995
0,9996
0,9997
1,9998
1,9999
1,10000
1,10001
0,10002
0,10003
0,10004
1,10005
1,10006
1,10007
0,10008
0,10009
0,10010
1,10011
1,10012
1,10013
0,10014
0,10015
0,10016
1,10017
1,10018
1,10019
1,10020
1,10021
1,10022
1,10023
0,10024
1,10025
1,10026
0,10027
1,10028
1,10029
1,10030
0,10031
1,10032
1,10033
1,10034
1,10035
0,10036
1,10037
1,10038
1,10039
1,10040
1,10041
0,10042
1,10043
0,10044
1,10045
0,10046
0,10047
1,10048
1,10049
0,10050
1,10051
1,10052
1,10053
0,10054
0,10055
1,10056
0,10057
0,10058
1,10059
1,10060
1,10061
1,10062
1,10063
0,10064
0,10065
1,10066
1,10067
1,10068
1,10069
1,10070
0,10071
1,10072
1,10073
0,10074
1,10075
0,10076
1,10077
0,10078
1,10079
1,10080
0,10081
1,10082
0,10083
1,10084
0,10085
1,10086
0,10087
0,10088
1,10089
0,10090
0,10091
1,10092
1,10093
1,10094
0,10095
0,10096
0,10097
0,10098
1,10099
1,10100
0,10101
0,10102
1,10103
0,10104
0,10105
1,10106
0,10107
0,10108
0,10109
0,10110
0,10111
0,10112
0,10113
1,10114
1,10115
1,10116
1,10117
0,10118
1,10119
0,10120
0,10121
0,10122
1,10123
0,10124
1,10125
1,10126
0,10127
1,10128
1,10129
1,10130
1,10131
1,10132
0,10133
1,10134
1,10135
1,10136
1,10137
0,10138
0,10139
1,10140
0,10141
0,10142
1,10143
0,10144
1,10145
1,10146
1,10147
0,10148
1,10149
1,10150
0,10151
0,10152
1,10153
1,10154
1,10155
0,10156
0,10157
0,10158
1,10159
1,10160
0,10161
0,10162
0,10163
1,10164
1,10165
0,10166
0,10167
1,10168
1,10169
1,10170
0,10171
1,10172
1,10173
1,10174
0,10175
0,10176
0,10177
0,10178
1,10179
0,10180
1,10181
0,10182
0,10183
1,10184
0,10185
0,10186
0,10187
1,10188
0,10189
1,10190
0,10191
0,10192
1,10193
0,10194
0,10195
1,10196
0,10197
1,10198
0,10199
1,10200
1,10201
0,10202
0,10203
0,10204
0,10205
0,10206
1,10207
1,10208
1,10209
0,10210
0,10211
0,10212
0,10213
1,10214
1,10215
1,10216
0,10217
1,10218
1,10219
1,10220
1,10221
0,10222
1,10223
1,10224
0,10225
0,10226
0,10227
1,10228
0,10229
1,10230
1,10231
0,10232
0,10233
0,10234
0,10235
1,10236
1,10237
1,10238
1,10239
0,10240
1,10241
1,10242
1,10243
1,10244
1,10245
1,10246
0,10247
1,10248
1,10249
1,10250
1,10251
1,10252
0,10253
0,10254
0,10255
1,10256
1,10257
0,10258
0,10259
0,10260
0,10261
0,10262
1,10263
1,10264
1,10265
0,10266
0,10267
0,10268
0,10269
1,10270
0,10271
0,10272
1,10273
1,10274
1,10275
0,10276
0,10277
0,10278
0,10279
1,10280
1,10281
0,10282
1,10283
0,10284
1,10285
0,10286
1,10287
1,10288
0,10289
0,10290
1,10291
1,10292
0,10293
1,10294
1,10295
0,10296
1,10297
1,10298
0,10299
1,10300
0,10301
0,10302
1,10303
1,10304
1,10305
0,10306
0,10307
1,10308
0,10309
0,10310
0,10311
0,10312
0,10313
0,10314
0,10315
1,10316
1,10317
1,10318
1,10319
0,10320
0,10321
0,10322
1,10323
1,10324
1,10325
1,10326
0,10327
0,10328
1,10329
0,10330
0,10331
1,10332
0,10333
0,10334
1,10335
0,10336
1,10337
0,10338
1,10339
1,10340
0,10341
1,10342
1,10343
1,10344
0,10345
1,10346
1,10347
0,10348
1,10349
1,10350
1,10351
0,10352
0,10353
1,10354
1,10355
0,10356
1,10357
0,10358
0,10359
1,10360
0,10361
0,10362
0,10363
0,10364
0,10365
1,10366
0,10367
0,10368
0,10369
1,10370
1,10371
0,10372
0,10373
1,10374
0,10375
1,10376
0,10377
0,10378
0,10379
1,10380
1,10381
0,10382
0,10383
0,10384
1,10385
0,10386
1,10387
1,10388
1,10389
0,10390
1,10391
1,10392
0,10393
1,10394
1,10395
0,10396
1,10397
0,10398
1,10399
0,10400
0,10401
1,10402
1,10403
1,10404
1,10405
1,10406
1,10407
0,10408
1,10409
0,10410
0,10411
1,10412
1,10413
1,10414
1,10415
1,10416
0,10417
1,10418
1,10419
1,10420
0,10421
0,10422
0,10423
0,10424
0,10425
1,10426
0,10427
0,10428
1,10429
1,10430
0,10431
0,10432
0,10433
1,10434
0,10435
1,10436
0,10437
1,10438
0,10439
1,10440
0,10441
1,10442
1,10443
0,10444
1,10445
1,10446
0,10447
1,10448
1,10449
1,10450
0,10451
1,10452
0,10453
0,10454
1,10455
0,10456
1,10457
1,10458
1,10459
1,10460
0,10461
0,10462
1,10463
0,10464
1,10465
1,10466
0,10467
1,10468
1,10469
1,10470
1,10471
1,10472
1,10473
0,10474
0,10475
0,10476
1,10477
1,10478
0,10479
1,10480
1,10481
1,10482
1,10483
0,10484
0,10485
1,10486
1,10487
1,10488
0,10489
1,10490
0,10491
1,10492
0,10493
1,10494
1,10495
0,10496
1,10497
0,10498
1,10499
0,10500
0,10501
1,10502
0,10503
0,10504
0,10505
1,10506
1,10507
0,10508
0,10509
0,10510
1,10511
0,10512
1,10513
1,10514
1,10515
0,10516
0,10517
0,10518
1,10519
1,10520
1,10521
1,10522
1,10523
1,10524
0,10525
1,10526
1,10527
1,10528
1,10529
0,10530
1,10531
1,10532
1,10533
0,10534
0,10535
1,10536
0,10537
0,10538
1,10539
1,10540
1,10541
0,10542
1,10543
1,10544
0,10545
1,10546
0,10547
1,10548
0,10549
1,10550
0,10551
0,10552
0,10553
1,10554
1,10555
0,10556
1,10557
1,10558
1,10559
1,10560
0,10561
0,10562
1,10563
0,10564
1,10565
1,10566
1,10567
0,10568
0,10569
1,10570
1,10571
0,10572
1,10573
0,10574
1,10575
1,10576
0,10577
1,10578
1,10579
1,10580
1,10581
0,10582
1,10583
1,10584
0,10585
1,10586
0,10587
1,10588
0,10589
0,10590
1,10591
0,10592
0,10593
1,10594
0,10595
0,10596
1,10597
1,10598
1,10599
1,10600
0,10601
1,10602
0,10603
0,10604
1,10605
1,10606
0,10607
0,10608
0,10609
0,10610
0,10611
0,10612
0,10613
0,10614
0,10615
1,10616
0,10617
0,10618
0,10619
1,10620
1,10621
0,10622
0,10623
0,10624
1,10625
1,10626
1,10627
0,10628
0,10629
0,10630
1,10631
1,10632
0,10633
1,10634
0,10635
1,10636
0,10637
1,10638
0,10639
1,10640
0,10641
1,10642
0,10643
1,10644
1,10645
0,10646
0,10647
0,10648
0,10649
1,10650
1,10651
0,10652
1,10653
1,10654
0,10655
0,10656
1,10657
1,10658
0,10659
0,10660
1,10661
1,10662
1,10663
1,10664
1,10665
1,10666
0,10667
0,10668
1,10669
0,10670
0,10671
0,10672
0,10673
1,10674
0,10675
0,10676
0,10677
0,10678
0,10679
0,10680
0,10681
0,10682
0,10683
1,10684
0,10685
0,10686
1,10687
1,10688
0,10689
0,10690
0,10691
0,10692
1,10693
0,10694
0,10695
1,10696
0,10697
0,10698
1,10699
0,10700
0,10701
0,10702
1,10703
0,10704
1,10705
1,10706
0,10707
0,10708
1,10709
1,10710
0,10711
1,10712
0,10713
0,10714
0,10715
1,10716
1,10717
0,10718
1,10719
0,10720
1,10721
1,10722
0,10723
0,10724
1,10725
0,10726
0,10727
1,10728
0,10729
1,10730
0,10731
0,10732
1,10733
1,10734
0,10735
1,10736
0,10737
1,10738
1,10739
1,10740
1,10741
0,10742
0,10743
1,10744
0,10745
0,10746
1,10747
1,10748
0,10749
0,10750
0,10751
1,10752
0,10753
0,10754
1,10755
0,10756
1,10757
0,10758
0,10759
1,10760
0,10761
1,10762
0,10763
0,10764
1,10765
0,10766
0,10767
1,10768
0,10769
1,10770
0,10771
1,10772
0,10773
0,10774
0,10775
0,10776
1,10777
1,10778
0,10779
1,10780
1,10781
0,10782
1,10783
0,10784
1,10785
0,10786
1,10787
1,10788
0,10789
0,10790
0,10791
0,10792
0,10793
0,10794
0,10795
0,10796
0,10797
1,10798
0,10799
1,10800
1,10801
0,10802
0,10803
1,10804
1,10805
1,10806
0,10807
0,10808
0,10809
1,10810
0,10811
1,10812
0,10813
0,10814
1,10815
0,10816
1,10817
1,10818
1,10819
0,10820
1,10821
1,10822
1,10823
1,10824
1,10825
0,10826
1,10827
1,10828
0,10829
0,10830
0,10831
1,10832
0,10833
1,10834
1,10835
0,10836
0,10837
1,10838
1,10839
0,10840
1,10841
0,10842
0,10843
0,10844
0,10845
1,10846
0,10847
0,10848
0,10849
1,10850
1,10851
1,10852
1,10853
1,10854
0,10855
1,10856
1,10857
0,10858
1,10859
0,10860
1,10861
0,10862
0,10863
0,10864
1,10865
1,10866
0,10867
0,10868
0,10869
1,10870
0,10871
1,10872
0,10873
1,10874
1,10875
0,10876
0,10877
1,10878
0,10879
1,10880
1,10881
1,10882
1,10883
0,10884
1,10885
0,10886
0,10887
1,10888
1,10889
1,10890
0,10891
0,10892
0,10893
1,10894
1,10895
1,10896
1,10897
1,10898
0,10899
1,10900
1,10901
0,10902
0,10903
0,10904
1,10905
0,10906
1,10907
1,10908
0,10909
1,10910
0,10911
1,10912
0,10913
1,10914
1,10915
1,10916
1,10917
1,10918
1,10919
0,10920
0,10921
0,10922
1,10923
0,10924
1,10925
1,10926
0,10927
0,10928
1,10929
1,10930
0,10931
1,10932
0,10933
1,10934
0,10935
0,10936
0,10937
0,10938
0,10939
0,10940
1,10941
1,10942
1,10943
0,10944
0,10945
1,10946
0,10947
1,10948
0,10949
1,10950
1,10951
1,10952
0,10953
0,10954
0,10955
0,10956
0,10957
0,10958
0,10959
1,10960
0,10961
0,10962
1,10963
0,10964
1,10965
1,10966
1,10967
1,10968
1,10969
1,10970
1,10971
1,10972
1,10973
1,10974
0,10975
1,10976
1,10977
1,10978
1,10979
0,10980
0,10981
0,10982
1,10983
1,10984
1,10985
0,10986
0,10987
1,10988
1,10989
0,10990
0,10991
1,10992
1,10993
0,10994
1,10995
0,10996
0,10997
0,10998
1,10999
1,11000
0,11001
0,11002
1,11003
1,11004
0,11005
1,11006
1,11007
0,11008
0,11009
0,11010
1,11011
1,11012
1,11013
1,11014
0,11015
1,11016
1,11017
1,11018
1,11019
1,11020
0,11021
0,11022
0,11023
1,11024
0,11025
1,11026
1,11027
0,11028
1,11029
1,11030
1,11031
1,11032
1,11033
1,11034
1,11035
1,11036
1,11037
1,11038
1,11039
1,11040
0,11041
0,11042
0,11043
0,11044
1,11045
1,11046
1,11047
1,11048
0,11049
1,11050
1,11051
0,11052
0,11053
1,11054
1,11055
1,11056
0,11057
0,11058
1,11059
0,11060
0,11061
0,11062
0,11063
1,11064
0,11065
1,11066
0,11067
1,11068
0,11069
1,11070
1,11071
0,11072
1,11073
0,11074
0,11075
1,11076
0,11077
0,11078
1,11079
0,11080
1,11081
1,11082
0,11083
1,11084
0,11085
0,11086
1,11087
0,11088
1,11089
0,11090
1,11091
1,11092
1,11093
1,11094
0,11095
1,11096
1,11097
0,11098
0,11099
1,11100
0,11101
0,11102
0,11103
1,11104
1,11105
0,11106
0,11107
0,11108
1,11109
0,11110
0,11111
1,11112
1,11113
0,11114
1,11115
0,11116
1,11117
0,11118
0,11119
0,11120
0,11121
1,11122
1,11123
0,11124
0,11125
0,11126
1,11127
0,11128
0,11129
0,11130
1,11131
1,11132
0,11133
1,11134
1,11135
1,11136
0,11137
0,11138
0,11139
0,11140
1,11141
0,11142
1,11143
0,11144
1,11145
1,11146
1,11147
0,11148
0,11149
1,11150
1,11151
1,11152
0,11153
1,11154
1,11155
0,11156
1,11157
1,11158
0,11159
1,11160
1,11161
0,11162
0,11163
1,11164
1,11165
0,11166
1,11167
0,11168
1,11169
1,11170
0,11171
1,11172
1,11173
0,11174
1,11175
1,11176
0,11177
0,11178
0,11179
0,11180
0,11181
0,11182
1,11183
1,11184
1,11185
0,11186
1,11187
1,11188
1,11189
1,11190
1,11191
0,11192
0,11193
1,11194
0,11195
1,11196
0,11197
1,11198
1,11199
1,11200
1,11201
0,11202
1,11203
0,11204
0,11205
0,11206
1,11207
1,11208
1,11209
0,11210
0,11211
0,11212
1,11213
1,11214
1,11215
1,11216
0,11217
0,11218
1,11219
1,11220
0,11221
0,11222
0,11223
0,11224
0,11225
0,11226
0,11227
0,11228
1,11229
1,11230
0,11231
1,11232
1,11233
1,11234
1,11235
0,11236
1,11237
1,11238
0,11239
1,11240
0,11241
1,11242
1,11243
0,11244
1,11245
1,11246
1,11247
1,11248
0,11249
0,11250
1,11251
0,11252
1,11253
0,11254
1,11255
1,11256
0,11257
1,11258
0,11259
1,11260
0,11261
0,11262
0,11263
0,11264
0,11265
1,11266
0,11267
1,11268
1,11269
0,11270
0,11271
1,11272
1,11273
0,11274
0,11275
1,11276
0,11277
1,11278
1,11279
1,11280
1,11281
0,11282
1,11283
1,11284
1,11285
1,11286
0,11287
1,11288
1,11289
1,11290
1,11291
1,11292
1,11293
1,11294
1,11295
0,11296
0,11297
1,11298
1,11299
1,11300
0,11301
0,11302
1,11303
0,11304
1,11305
0,11306
0,11307
1,11308
1,11309
1,11310
0,11311
0,11312
0,11313
1,11314
0,11315
1,11316
1,11317
0,11318
0,11319
1,11320
1,11321
1,11322
0,11323
1,11324
1,11325
0,11326
1,11327
1,11328
1,11329
1,11330
1,11331
1,11332
1,11333
1,11334
1,11335
1,11336
0,11337
1,11338
0,11339
0,11340
0,11341
1,11342
0,11343
1,11344
0,11345
0,11346
1,11347
1,11348
0,11349
1,11350
0,11351
0,11352
0,11353
0,11354
0,11355
0,11356
1,11357
1,11358
1,11359
0,11360
0,11361
1,11362
1,11363
0,11364
1,11365
0,11366
1,11367
0,11368
1,11369
0,11370
0,11371
1,11372
0,11373
1,11374
0,11375
0,11376
0,11377
1,11378
1,11379
0,11380
0,11381
1,11382
0,11383
1,11384
0,11385
1,11386
0,11387
1,11388
1,11389
1,11390
1,11391
0,11392
0,11393
0,11394
1,11395
1,11396
0,11397
0,11398
1,11399
0,11400
1,11401
1,11402
0,11403
1,11404
1,11405
1,11406
0,11407
1,11408
0,11409
0,11410
1,11411
1,11412
1,11413
0,11414
1,11415
1,11416
1,11417
0,11418
0,11419
0,11420
1,11421
1,11422
0,11423
1,11424
0,11425
0,11426
0,11427
1,11428
0,11429
1,11430
0,11431
1,11432
0,11433
0,11434
1,11435
0,11436
1,11437
1,11438
1,11439
1,11440
1,11441
0,11442
1,11443
1,11444
0,11445
0,11446
0,11447
0,11448
1,11449
0,11450
1,11451
1,11452
1,11453
1,11454
0,11455
0,11456
0,11457
1,11458
1,11459
1,11460
1,11461
1,11462
1,11463
0,11464
1,11465
0,11466
0,11467
0,11468
0,11469
0,11470
0,11471
1,11472
1,11473
1,11474
0,11475
0,11476
0,11477
1,11478
0,11479
0,11480
1,11481
0,11482
1,11483
0,11484
0,11485
0,11486
1,11487
1,11488
1,11489
1,11490
0,11491
0,11492
0,11493
0,11494
0,11495
1,11496
0,11497
1,11498
0,11499
1,11500
1,11501
0,11502
1,11503
0,11504
0,11505
0,11506
0,11507
1,11508
1,11509
1,11510
1,11511
0,11512
0,11513
0,11514
0,11515
0,11516
0,11517
0,11518
0,11519
0,11520
0,11521
0,11522
0,11523
1,11524
1,11525
0,11526
0,11527
1,11528
0,11529
0,11530
1,11531
1,11532
0,11533
1,11534
1,11535
0,11536
1,11537
1,11538
0,11539
1,11540
0,11541
0,11542
1,11543
1,11544
0,11545
0,11546
1,11547
1,11548
0,11549
0,11550
1,11551
1,11552
1,11553
1,11554
1,11555
0,11556
1,11557
0,11558
1,11559
0,11560
1,11561
1,11562
0,11563
0,11564
1,11565
0,11566
0,11567
0,11568
1,11569
1,11570
1,11571
1,11572
1,11573
0,11574
1,11575
0,11576
1,11577
1,11578
1,11579
0,11580
0,11581
0,11582
1,11583
1,11584
0,11585
1,11586
1,11587
0,11588
0,11589
0,11590
1,11591
1,11592
1,11593
1,11594
0,11595
0,11596
1,11597
1,11598
1,11599
1,11600
0,11601
1,11602
0,11603
1,11604
1,11605
1,11606
1,11607
1,11608
0,11609
1,11610
1,11611
0,11612
0,11613
0,11614
1,11615
0,11616
1,11617
1,11618
0,11619
1,11620
0,11621
1,11622
1,11623
0,11624
0,11625
1,11626
1,11627
0,11628
0,11629
1,11630
0,11631
1,11632
1,11633
0,11634
0,11635
1,11636
1,11637
0,11638
0,11639
1,11640
1,11641
1,11642
0,11643
1,11644
1,11645
1,11646
0,11647
0,11648
1,11649
1,11650
0,11651
0,11652
0,11653
1,11654
0,11655
0,11656
0,11657
0,11658
1,11659
0,11660
1,11661
1,11662
0,11663
0,11664
1,11665
0,11666
1,11667
0,11668
0,11669
1,11670
0,11671
0,11672
1,11673
0,11674
0,11675
0,11676
1,11677
1,11678
0,11679
0,11680
0,11681
1,11682
1,11683
1,11684
1,11685
0,11686
1,11687
0,11688
0,11689
0,11690
0,11691
1,11692
0,11693
0,11694
1,11695
1,11696
0,11697
1,11698
0,11699
0,11700
0,11701
0,11702
0,11703
1,11704
0,11705
1,11706
1,11707
1,11708
0,11709
0,11710
1,11711
1,11712
1,11713
0,11714
1,11715
1,11716
0,11717
1,11718
0,11719
0,11720
0,11721
0,11722
1,11723
1,11724
1,11725
0,11726
1,11727
0,11728
0,11729
0,11730
0,11731
0,11732
1,11733
1,11734
0,11735
1,11736
0,11737
1,11738
0,11739
0,11740
1,11741
1,11742
1,11743
0,11744
0,11745
1,11746
0,11747
1,11748
1,11749
1,11750
1,11751
1,11752
0,11753
0,11754
1,11755
1,11756
0,11757
1,11758
0,11759
1,11760
1,11761
0,11762
0,11763
0,11764
0,11765
0,11766
0,11767
0,11768
0,11769
0,11770
1,11771
0,11772
0,11773
0,11774
0,11775
0,11776
1,11777
0,11778
1,11779
1,11780
0,11781
0,11782
0,11783
0,11784
0,11785
0,11786
0,11787
0,11788
1,11789
1,11790
0,11791
1,11792
0,11793
1,11794
1,11795
0,11796
0,11797
1,11798
0,11799
0,11800
1,11801
0,11802
1,11803
1,11804
0,11805
0,11806
0,11807
1,11808
1,11809
1,11810
0,11811
0,11812
0,11813
0,11814
1,11815
1,11816
1,11817
0,11818
0,11819
0,11820
1,11821
1,11822
1,11823
0,11824
0,11825
1,11826
1,11827
0,11828
1,11829
1,11830
1,11831
1,11832
0,11833
0,11834
1,11835
0,11836
0,11837
0,11838
1,11839
0,11840
1,11841
1,11842
1,11843
1,11844
1,11845
0,11846
0,11847
0,11848
1,11849
0,11850
0,11851
1,11852
1,11853
1,11854
1,11855
0,11856
1,11857
1,11858
0,11859
0,11860
1,11861
0,11862
1,11863
1,11864
0,11865
0,11866
0,11867
1,11868
1,11869
1,11870
1,11871
1,11872
0,11873
1,11874
1,11875
1,11876
0,11877
0,11878
0,11879
0,11880
0,11881
0,11882
0,11883
1,11884
0,11885
1,11886
1,11887
1,11888
1,11889
1,11890
1,11891
0,11892
0,11893
1,11894
1,11895
1,11896
1,11897
0,11898
1,11899
1,11900
0,11901
0,11902
0,11903
1,11904
1,11905
1,11906
0,11907
0,11908
0,11909
1,11910
1,11911
1,11912
0,11913
0,11914
1,11915
0,11916
0,11917
0,11918
0,11919
1,11920
0,11921
1,11922
0,11923
0,11924
1,11925
1,11926
1,11927
1,11928
0,11929
0,11930
0,11931
1,11932
0,11933
1,11934
0,11935
1,11936
0,11937
1,11938
1,11939
0,11940
0,11941
0,11942
1,11943
0,11944
0,11945
0,11946
0,11947
1,11948
1,11949
1,11950
1,11951
1,11952
1,11953
0,11954
1,11955
0,11956
1,11957
0,11958
0,11959
1,11960
1,11961
0,11962
1,11963
1,11964
0,11965
0,11966
1,11967
0,11968
1,11969
1,11970
0,11971
1,11972
1,11973
0,11974
1,11975
1,11976
0,11977
0,11978
1,11979
0,11980
0,11981
1,11982
0,11983
1,11984
1,11985
1,11986
0,11987
1,11988
0,11989
0,11990
0,11991
1,11992
0,11993
0,11994
1,11995
0,11996
0,11997
1,11998
0,11999
1,12000
0,12001
1,12002
0,12003
0,12004
0,12005
0,12006
0,12007
0,12008
0,12009
1,12010
0,12011
0,12012
1,12013
1,12014
1,12015
1,12016
0,12017
0,12018
0,12019
0,12020
1,12021
0,12022
0,12023
0,12024
1,12025
0,12026
1,12027
1,12028
0,12029
1,12030
1,12031
0,12032
0,12033
1,12034
1,12035
1,12036
1,12037
1,12038
0,12039
1,12040
0,12041
0,12042
0,12043
1,12044
0,12045
0,12046
0,12047
1,12048
1,12049
0,12050
1,12051
1,12052
0,12053
0,12054
0,12055
1,12056
0,12057
0,12058
0,12059
0,12060
1,12061
1,12062
1,12063
0,12064
1,12065
1,12066
1,12067
0,12068
0,12069
1,12070
1,12071
0,12072
1,12073
1,12074
0,12075
1,12076
0,12077
0,12078
1,12079
1,12080
0,12081
0,12082
1,12083
0,12084
0,12085
0,12086
0,12087
0,12088
1,12089
1,12090
0,12091
0,12092
1,12093
1,12094
0,12095
0,12096
1,12097
0,12098
1,12099
0,12100
0,12101
0,12102
1,12103
1,12104
1,12105
0,12106
1,12107
0,12108
0,12109
1,12110
0,12111
0,12112
1,12113
1,12114
1,12115
1,12116
1,12117
0,12118
1,12119
1,12120
0,12121
1,12122
0,12123
1,12124
1,12125
0,12126
0,12127
1,12128
0,12129
1,12130
0,12131
0,12132
1,12133
0,12134
1,12135
1,12136
1,12137
0,12138
0,12139
1,12140
1,12141
0,12142
0,12143
0,12144
0,12145
1,12146
1,12147
0,12148
0,12149
0,12150
1,12151
0,12152
1,12153
1,12154
0,12155
1,12156
0,12157
0,12158
0,12159
1,12160
0,12161
1,12162
1,12163
1,12164
0,12165
0,12166
0,12167
0,12168
1,12169
1,12170
0,12171
0,12172
0,12173
0,12174
0,12175
1,12176
1,12177
0,12178
0,12179
0,12180
0,12181
0,12182
0,12183
0,12184
1,12185
1,12186
1,12187
0,12188
1,12189
0,12190
0,12191
1,12192
1,12193
0,12194
0,12195
0,12196
0,12197
1,12198
0,12199
1,12200
0,12201
0,12202
1,12203
0,12204
0,12205
0,12206
1,12207
0,12208
0,12209
1,12210
1,12211
1,12212
1,12213
1,12214
1,12215
0,12216
1,12217
1,12218
1,12219
0,12220
1,12221
1,12222
0,12223
1,12224
0,12225
0,12226
0,12227
0,12228
0,12229
0,12230
0,12231
1,12232
0,12233
1,12234
1,12235
0,12236
1,12237
1,12238
0,12239
0,12240
1,12241
0,12242
0,12243
0,12244
1,12245
0,12246
1,12247
1,12248
0,12249
1,12250
0,12251
0,12252
0,12253
1,12254
1,12255
1,12256
1,12257
0,12258
1,12259
0,12260
0,12261
0,12262
1,12263
0,12264
1,12265
1,12266
0,12267
1,12268
1,12269
1,12270
1,12271
1,12272
0,12273
0,12274
1,12275
0,12276
0,12277
0,12278
0,12279
0,12280
1,12281
0,12282
1,12283
0,12284
0,12285
0,12286
0,12287
1,12288
1,12289
0,12290
0,12291
1,12292
1,12293
1,12294
0,12295
0,12296
1,12297
0,12298
0,12299
0,12300
0,12301
0,12302
0,12303
1,12304
1,12305
1,12306
0,12307
1,12308
1,12309
0,12310
0,12311
0,12312
0,12313
1,12314
0,12315
0,12316
0,12317
0,12318
1,12319
1,12320
1,12321
1,12322
0,12323
0,12324
1,12325
0,12326
0,12327
1,12328
1,12329
0,12330
1,12331
0,12332
0,12333
0,12334
1,12335
1,12336
0,12337
0,12338
0,12339
0,12340
1,12341
0,12342
1,12343
1,12344
0,12345
0,12346
1,12347
0,12348
1,12349
0,12350
0,12351
0,12352
1,12353
1,12354
0,12355
0,12356
0,12357
0,12358
1,12359
1,12360
1,12361
1,12362
1,12363
1,12364
0,12365
1,12366
0,12367
0,12368
0,12369
0,12370
0,12371
0,12372
1,12373
0,12374
0,12375
0,12376
1,12377
1,12378
0,12379
0,12380
0,12381
0,12382
1,12383
1,12384
0,12385
1,12386
1,12387
0,12388
1,12389
0,12390
0,12391
1,12392
1,12393
0,12394
0,12395
0,12396
0,12397
1,12398
1,12399
1,12400
0,12401
1,12402
0,12403
1,12404
0,12405
1,12406
0,12407
0,12408
0,12409
0,12410
0,12411
0,12412
1,12413
1,12414
0,12415
1,12416
0,12417
0,12418
1,12419
0,12420
0,12421
0,12422
1,12423
1,12424
0,12425
0,12426
0,12427
0,12428
0,12429
1,12430
1,12431
1,12432
1,12433
1,12434
1,12435
0,12436
0,12437
0,12438
1,12439
0,12440
1,12441
0,12442
1,12443
0,12444
0,12445
0,12446
0,12447
1,12448
1,12449
0,12450
1,12451
1,12452
0,12453
1,12454
0,12455
0,12456
0,12457
0,12458
1,12459
1,12460
1,12461
0,12462
1,12463
1,12464
0,12465
1,12466
0,12467
0,12468
1,12469
0,12470
0,12471
0,12472
1,12473
1,12474
1,12475
0,12476
0,12477
1,12478
0,12479
0,12480
0,12481
0,12482
0,12483
1,12484
1,12485
0,12486
1,12487
0,12488
1,12489
1,12490
1,12491
1,12492
0,12493
1,12494
0,12495
1,12496
1,12497
1,12498
0,12499
1,12500
